-- phpMyAdmin SQL Dump
-- version 5.0.2
-- https://www.phpmyadmin.net/
--
-- Hôte : 127.0.0.1:3306
-- Généré le : mar. 19 oct. 2021 à 11:50
-- Version du serveur :  5.7.31
-- Version de PHP : 7.4.9

SET SQL_MODE = "NO_AUTO_VALUE_ON_ZERO";
START TRANSACTION;
SET time_zone = "+00:00";


/*!40101 SET @OLD_CHARACTER_SET_CLIENT=@@CHARACTER_SET_CLIENT */;
/*!40101 SET @OLD_CHARACTER_SET_RESULTS=@@CHARACTER_SET_RESULTS */;
/*!40101 SET @OLD_COLLATION_CONNECTION=@@COLLATION_CONNECTION */;
/*!40101 SET NAMES utf8mb4 */;

--
-- Base de données : `gsb_frais`
--

-- --------------------------------------------------------

--
-- Structure de la table `etat`
--

DROP TABLE IF EXISTS `etat`;
CREATE TABLE IF NOT EXISTS `etat` (
  `id` char(2) NOT NULL,
  `libelle` varchar(30) DEFAULT NULL,
  PRIMARY KEY (`id`)
) ENGINE=InnoDB DEFAULT CHARSET=latin1;

--
-- Déchargement des données de la table `etat`
--

INSERT INTO `etat` (`id`, `libelle`) VALUES
('CL', 'Saisie clôturée'),
('CR', 'Fiche créée, saisie en cours'),
('RB', 'Remboursée'),
('VA', 'Validée et mise en paiement');

-- --------------------------------------------------------

--
-- Structure de la table `fichefrais`
--

DROP TABLE IF EXISTS `fichefrais`;
CREATE TABLE IF NOT EXISTS `fichefrais` (
  `idvisiteur` char(4) NOT NULL,
  `mois` char(6) NOT NULL,
  `nbjustificatifs` int(11) DEFAULT NULL,
  `montantvalide` decimal(10,2) DEFAULT NULL,
  `datemodif` date DEFAULT NULL,
  `idetat` char(2) DEFAULT 'CR',
  PRIMARY KEY (`idvisiteur`,`mois`),
  KEY `idetat` (`idetat`)
) ENGINE=InnoDB DEFAULT CHARSET=latin1;

--
-- Déchargement des données de la table `fichefrais`
--

INSERT INTO `fichefrais` (`idvisiteur`, `mois`, `nbjustificatifs`, `montantvalide`, `datemodif`, `idetat`) VALUES
('a131', '202009', 1, '2758.76', '2020-11-05', 'RB'),
('a131', '202010', 8, '3818.90', '2020-12-04', 'RB'),
('a131', '202011', 3, '4377.21', '2021-01-01', 'RB'),
('a131', '202012', 6, '2589.68', '2021-02-05', 'RB'),
('a131', '202101', 10, '2709.31', '2021-03-05', 'RB'),
('a131', '202102', 8, '2712.14', '2021-04-05', 'RB'),
('a131', '202103', 5, '2453.34', '2021-05-08', 'RB'),
('a131', '202104', 7, '3561.24', '2021-06-02', 'RB'),
('a131', '202105', 12, '4112.64', '2021-07-08', 'RB'),
('a131', '202106', 10, '2595.72', '2021-08-08', 'RB'),
('a131', '202107', 1, '4323.78', '2021-09-04', 'RB'),
('a131', '202108', 6, '2638.52', '2021-09-06', 'VA'),
('a131', '202109', 4, '0.00', '2021-09-05', 'CR'),
('a131', '202110', 0, '0.00', '2021-10-06', 'CR'),
('a17', '202009', 10, '1823.80', '2020-11-07', 'RB'),
('a17', '202010', 4, '2591.52', '2020-12-07', 'RB'),
('a17', '202011', 12, '3103.99', '2021-01-02', 'RB'),
('a17', '202012', 0, '3176.78', '2021-02-04', 'RB'),
('a17', '202101', 6, '4284.48', '2021-03-02', 'RB'),
('a17', '202102', 9, '3754.37', '2021-04-03', 'RB'),
('a17', '202103', 0, '3280.63', '2021-05-07', 'RB'),
('a17', '202104', 8, '4929.68', '2021-06-08', 'RB'),
('a17', '202105', 1, '5602.11', '2021-07-07', 'RB'),
('a17', '202106', 8, '3498.93', '2021-08-03', 'RB'),
('a17', '202107', 1, '3878.06', '2021-09-02', 'RB'),
('a17', '202108', 6, '3317.88', '2021-09-06', 'VA'),
('a17', '202109', 4, '0.00', '2021-09-05', 'CR'),
('a55', '202009', 7, '2598.79', '2020-11-08', 'RB'),
('a55', '202010', 2, '3044.77', '2020-12-04', 'RB'),
('a55', '202011', 3, '2594.24', '2021-01-07', 'RB'),
('a55', '202012', 4, '3605.70', '2021-02-07', 'RB'),
('a55', '202101', 4, '3449.26', '2021-03-01', 'RB'),
('a55', '202102', 4, '4631.72', '2021-04-04', 'RB'),
('a55', '202103', 1, '2862.20', '2021-05-01', 'RB'),
('a55', '202104', 7, '3029.49', '2021-06-07', 'RB'),
('a55', '202105', 5, '4605.45', '2021-07-07', 'RB'),
('a55', '202106', 6, '1752.99', '2021-08-07', 'RB'),
('a55', '202107', 10, '3578.74', '2021-09-01', 'RB'),
('a55', '202108', 12, '1971.90', '2021-09-08', 'VA'),
('a55', '202109', 12, '0.00', '2021-09-03', 'CR'),
('a93', '202009', 10, '2281.88', '2020-11-03', 'RB'),
('a93', '202010', 0, '3703.73', '2020-12-08', 'RB'),
('a93', '202011', 5, '4148.27', '2021-01-07', 'RB'),
('a93', '202012', 11, '3460.64', '2021-02-03', 'RB'),
('a93', '202101', 2, '1325.19', '2021-03-07', 'RB'),
('a93', '202102', 9, '2385.92', '2021-04-05', 'RB'),
('a93', '202103', 3, '3650.69', '2021-05-04', 'RB'),
('a93', '202104', 1, '2001.18', '2021-06-01', 'RB'),
('a93', '202105', 5, '4103.35', '2021-07-07', 'RB'),
('a93', '202106', 7, '4845.34', '2021-08-07', 'RB'),
('a93', '202107', 10, '2909.65', '2021-09-03', 'RB'),
('a93', '202108', 9, '3475.01', '2021-09-02', 'VA'),
('a93', '202109', 6, '0.00', '2021-09-04', 'CR'),
('b13', '202009', 3, '2308.23', '2020-11-02', 'RB'),
('b13', '202010', 2, '2559.43', '2020-12-04', 'RB'),
('b13', '202011', 2, '4198.88', '2021-01-06', 'RB'),
('b13', '202012', 4, '3677.09', '2021-02-01', 'RB'),
('b13', '202101', 9, '3352.56', '2021-03-06', 'RB'),
('b13', '202102', 7, '3649.60', '2021-04-04', 'RB'),
('b13', '202103', 8, '2955.53', '2021-05-02', 'RB'),
('b13', '202104', 0, '4485.38', '2021-06-04', 'RB'),
('b13', '202105', 6, '3199.21', '2021-07-05', 'RB'),
('b13', '202106', 7, '2722.39', '2021-08-02', 'RB'),
('b13', '202107', 2, '1979.72', '2021-09-02', 'RB'),
('b13', '202108', 2, '4848.39', '2021-09-02', 'VA'),
('b13', '202109', 3, '0.00', '2021-09-03', 'CR'),
('b16', '202009', 1, '3102.38', '2020-11-06', 'RB'),
('b16', '202010', 9, '4036.35', '2020-12-02', 'RB'),
('b16', '202011', 7, '1969.69', '2021-01-05', 'RB'),
('b16', '202012', 0, '4002.72', '2021-02-02', 'RB'),
('b16', '202101', 4, '2846.94', '2021-03-07', 'RB'),
('b16', '202102', 4, '2873.74', '2021-04-03', 'RB'),
('b16', '202103', 0, '3473.94', '2021-05-06', 'RB'),
('b16', '202104', 5, '3448.05', '2021-06-05', 'RB'),
('b16', '202105', 6, '1265.92', '2021-07-03', 'RB'),
('b16', '202106', 6, '2689.17', '2021-08-07', 'RB'),
('b16', '202107', 6, '2555.72', '2021-09-06', 'RB'),
('b16', '202108', 5, '2236.62', '2021-09-08', 'VA'),
('b16', '202109', 0, '0.00', '2021-09-02', 'CR'),
('b19', '202009', 8, '2966.22', '2020-11-07', 'RB'),
('b19', '202010', 6, '2031.87', '2020-12-08', 'RB'),
('b19', '202011', 10, '3717.08', '2021-01-06', 'RB'),
('b19', '202012', 3, '3186.44', '2021-02-02', 'RB'),
('b19', '202101', 10, '3101.29', '2021-03-06', 'RB'),
('b19', '202102', 2, '3339.73', '2021-04-04', 'RB'),
('b19', '202103', 6, '2735.68', '2021-05-04', 'RB'),
('b19', '202104', 0, '3303.94', '2021-06-03', 'RB'),
('b19', '202105', 12, '2801.09', '2021-07-03', 'RB'),
('b19', '202106', 8, '3620.31', '2021-08-06', 'RB'),
('b19', '202107', 10, '4641.36', '2021-09-01', 'RB'),
('b19', '202108', 4, '3537.79', '2021-09-01', 'VA'),
('b19', '202109', 8, '0.00', '2021-09-02', 'CR'),
('b25', '202009', 9, '3087.35', '2020-11-03', 'RB'),
('b25', '202010', 7, '2678.44', '2020-12-08', 'RB'),
('b25', '202011', 3, '4697.13', '2021-01-07', 'RB'),
('b25', '202012', 11, '3403.93', '2021-02-01', 'RB'),
('b25', '202101', 2, '3699.43', '2021-03-06', 'RB'),
('b25', '202102', 5, '2638.91', '2021-04-01', 'RB'),
('b25', '202103', 10, '3925.35', '2021-05-07', 'RB'),
('b25', '202104', 7, '3540.71', '2021-06-01', 'RB'),
('b25', '202105', 5, '2691.56', '2021-07-05', 'RB'),
('b25', '202106', 11, '2901.57', '2021-08-07', 'RB'),
('b25', '202107', 9, '4204.28', '2021-09-06', 'RB'),
('b25', '202108', 7, '3163.99', '2021-09-06', 'VA'),
('b25', '202109', 3, '0.00', '2021-09-06', 'CR'),
('b28', '202009', 11, '2404.94', '2020-11-03', 'RB'),
('b28', '202010', 11, '2800.05', '2020-12-08', 'RB'),
('b28', '202011', 11, '4017.12', '2021-01-08', 'RB'),
('b28', '202012', 12, '3909.92', '2021-02-02', 'RB'),
('b28', '202101', 10, '3264.85', '2021-03-08', 'RB'),
('b28', '202102', 2, '1643.15', '2021-04-05', 'RB'),
('b28', '202103', 12, '3750.68', '2021-05-03', 'RB'),
('b28', '202104', 11, '2872.86', '2021-06-01', 'RB'),
('b28', '202105', 3, '4885.94', '2021-07-03', 'RB'),
('b28', '202106', 4, '6945.01', '2021-08-03', 'RB'),
('b28', '202107', 2, '3017.66', '2021-09-05', 'RB'),
('b28', '202108', 12, '2241.24', '2021-09-02', 'VA'),
('b28', '202109', 8, '0.00', '2021-09-08', 'CR'),
('b34', '202009', 12, '3161.56', '2020-11-06', 'RB'),
('b34', '202010', 1, '3301.95', '2020-12-05', 'RB'),
('b34', '202011', 9, '2095.60', '2021-01-05', 'RB'),
('b34', '202012', 7, '5567.11', '2021-02-02', 'RB'),
('b34', '202101', 5, '2036.60', '2021-03-04', 'RB'),
('b34', '202102', 11, '2205.50', '2021-04-07', 'RB'),
('b34', '202103', 4, '4876.10', '2021-05-01', 'RB'),
('b34', '202104', 4, '4350.65', '2021-06-01', 'RB'),
('b34', '202105', 1, '2512.40', '2021-07-02', 'RB'),
('b34', '202106', 6, '2544.44', '2021-08-02', 'RB'),
('b34', '202107', 8, '2542.53', '2021-09-01', 'RB'),
('b34', '202108', 1, '3803.83', '2021-09-01', 'VA'),
('b34', '202109', 10, '0.00', '2021-09-02', 'CR'),
('b4', '202009', 7, '1669.52', '2020-11-07', 'RB'),
('b4', '202010', 10, '2863.33', '2020-12-02', 'RB'),
('b4', '202011', 1, '2348.18', '2021-01-05', 'RB'),
('b4', '202012', 6, '2847.54', '2021-02-04', 'RB'),
('b4', '202101', 6, '1981.75', '2021-03-07', 'RB'),
('b4', '202102', 2, '3775.70', '2021-04-07', 'RB'),
('b4', '202103', 10, '2804.99', '2021-05-07', 'RB'),
('b4', '202104', 10, '2537.95', '2021-06-08', 'RB'),
('b4', '202105', 2, '3073.72', '2021-07-01', 'RB'),
('b4', '202106', 8, '2940.24', '2021-08-05', 'RB'),
('b4', '202107', 0, '2411.19', '2021-09-04', 'RB'),
('b4', '202108', 11, '4644.61', '2021-09-06', 'VA'),
('b4', '202109', 9, '0.00', '2021-09-03', 'CR'),
('b50', '202009', 12, '933.47', '2020-11-06', 'RB'),
('b50', '202010', 3, '3699.46', '2020-12-05', 'RB'),
('b50', '202011', 2, '1649.30', '2021-01-07', 'RB'),
('b50', '202012', 6, '2646.08', '2021-02-08', 'RB'),
('b50', '202101', 3, '3388.91', '2021-03-02', 'RB'),
('b50', '202102', 11, '3005.10', '2021-04-05', 'RB'),
('b50', '202103', 11, '3976.09', '2021-05-02', 'RB'),
('b50', '202104', 0, '4109.21', '2021-06-04', 'RB'),
('b50', '202105', 7, '4404.65', '2021-07-01', 'RB'),
('b50', '202106', 8, '2866.77', '2021-08-04', 'RB'),
('b50', '202107', 0, '2772.07', '2021-09-03', 'RB'),
('b50', '202108', 8, '2339.56', '2021-09-06', 'VA'),
('b50', '202109', 12, '0.00', '2021-09-02', 'CR'),
('b59', '202009', 10, '3202.45', '2020-11-08', 'RB'),
('b59', '202010', 6, '1836.49', '2020-12-01', 'RB'),
('b59', '202011', 3, '4625.70', '2021-01-04', 'RB'),
('b59', '202012', 2, '3029.12', '2021-02-07', 'RB'),
('b59', '202101', 7, '4221.22', '2021-03-07', 'RB'),
('b59', '202102', 10, '1572.10', '2021-04-05', 'RB'),
('b59', '202103', 10, '1521.43', '2021-05-03', 'RB'),
('b59', '202104', 11, '2333.53', '2021-06-03', 'RB'),
('b59', '202105', 6, '2679.84', '2021-07-01', 'RB'),
('b59', '202106', 10, '4551.62', '2021-08-01', 'RB'),
('b59', '202107', 1, '2221.33', '2021-09-06', 'RB'),
('b59', '202108', 0, '4190.77', '2021-09-06', 'VA'),
('b59', '202109', 4, '0.00', '2021-09-05', 'CR'),
('c14', '202009', 8, '3748.83', '2020-11-07', 'RB'),
('c14', '202010', 0, '3285.56', '2020-12-02', 'RB'),
('c14', '202011', 0, '2258.17', '2021-01-05', 'RB'),
('c14', '202012', 9, '2590.49', '2021-02-05', 'RB'),
('c14', '202101', 10, '4403.01', '2021-03-01', 'RB'),
('c14', '202102', 5, '4818.82', '2021-04-07', 'RB'),
('c14', '202103', 5, '3294.23', '2021-05-04', 'RB'),
('c14', '202104', 2, '2181.15', '2021-06-08', 'RB'),
('c14', '202105', 7, '3086.08', '2021-07-08', 'RB'),
('c14', '202106', 12, '2817.41', '2021-08-01', 'RB'),
('c14', '202107', 11, '4082.42', '2021-09-01', 'RB'),
('c14', '202108', 11, '3521.61', '2021-09-02', 'VA'),
('c14', '202109', 10, '0.00', '2021-09-03', 'CR'),
('c3', '202009', 3, '2843.27', '2020-11-04', 'RB'),
('c3', '202010', 0, '2968.72', '2020-12-01', 'RB'),
('c3', '202011', 1, '2092.15', '2021-01-08', 'RB'),
('c3', '202012', 10, '2743.05', '2021-02-06', 'RB'),
('c3', '202101', 2, '4085.23', '2021-03-05', 'RB'),
('c3', '202102', 5, '4911.06', '2021-04-02', 'RB'),
('c3', '202103', 10, '3518.93', '2021-05-05', 'RB'),
('c3', '202104', 4, '2355.36', '2021-06-03', 'RB'),
('c3', '202105', 3, '2247.65', '2021-07-04', 'RB'),
('c3', '202106', 4, '3880.31', '2021-08-01', 'RB'),
('c3', '202107', 5, '2079.99', '2021-09-06', 'RB'),
('c3', '202108', 12, '1686.97', '2021-09-03', 'VA'),
('c3', '202109', 8, '0.00', '2021-09-03', 'CR'),
('c54', '202009', 3, '2965.38', '2020-11-06', 'RB'),
('c54', '202010', 10, '2378.82', '2020-12-07', 'RB'),
('c54', '202011', 10, '1000.86', '2021-01-05', 'RB'),
('c54', '202012', 5, '3900.51', '2021-02-07', 'RB'),
('c54', '202101', 0, '2968.47', '2021-03-07', 'RB'),
('c54', '202102', 9, '3760.41', '2021-04-06', 'RB'),
('c54', '202103', 10, '2364.72', '2021-05-08', 'RB'),
('c54', '202104', 1, '4270.51', '2021-06-02', 'RB'),
('c54', '202105', 9, '2965.14', '2021-07-03', 'RB'),
('c54', '202106', 1, '1544.42', '2021-08-04', 'RB'),
('c54', '202107', 10, '3169.10', '2021-09-04', 'RB'),
('c54', '202108', 4, '2595.36', '2021-09-03', 'VA'),
('c54', '202109', 11, '0.00', '2021-09-03', 'CR'),
('d13', '202009', 4, '3199.49', '2020-11-03', 'RB'),
('d13', '202010', 4, '3916.30', '2020-12-04', 'RB'),
('d13', '202011', 12, '2964.78', '2021-01-04', 'RB'),
('d13', '202012', 4, '2613.40', '2021-02-07', 'RB'),
('d13', '202101', 12, '2474.71', '2021-03-03', 'RB'),
('d13', '202102', 8, '2332.93', '2021-04-03', 'RB'),
('d13', '202103', 5, '2780.06', '2021-05-03', 'RB'),
('d13', '202104', 7, '1945.04', '2021-06-05', 'RB'),
('d13', '202105', 12, '4326.12', '2021-07-02', 'RB'),
('d13', '202106', 7, '2126.44', '2021-08-04', 'RB'),
('d13', '202107', 12, '2835.46', '2021-09-08', 'RB'),
('d13', '202108', 3, '3677.85', '2021-09-08', 'VA'),
('d13', '202109', 7, '0.00', '2021-09-02', 'CR'),
('d51', '202009', 0, '4084.08', '2020-11-01', 'RB'),
('d51', '202010', 8, '4368.46', '2020-12-01', 'RB'),
('d51', '202011', 9, '4016.20', '2021-01-04', 'RB'),
('d51', '202012', 7, '2914.69', '2021-02-07', 'RB'),
('d51', '202101', 1, '2709.20', '2021-03-02', 'RB'),
('d51', '202102', 6, '1629.98', '2021-04-01', 'RB'),
('d51', '202103', 1, '3357.98', '2021-05-07', 'RB'),
('d51', '202104', 10, '2958.68', '2021-06-03', 'RB'),
('d51', '202105', 12, '3629.44', '2021-07-05', 'RB'),
('d51', '202106', 5, '3774.30', '2021-08-02', 'RB'),
('d51', '202107', 7, '4370.29', '2021-09-05', 'RB'),
('d51', '202108', 0, '4501.23', '2021-09-08', 'VA'),
('d51', '202109', 4, '0.00', '2021-09-01', 'CR'),
('e22', '202009', 5, '1363.22', '2020-11-07', 'RB'),
('e22', '202010', 8, '3461.18', '2020-12-04', 'RB'),
('e22', '202011', 3, '4107.17', '2021-01-06', 'RB'),
('e22', '202012', 0, '4979.67', '2021-02-07', 'RB'),
('e22', '202101', 10, '2887.63', '2021-03-05', 'RB'),
('e22', '202102', 10, '3358.35', '2021-04-08', 'RB'),
('e22', '202103', 7, '4355.33', '2021-05-07', 'RB'),
('e22', '202104', 5, '2242.91', '2021-06-07', 'RB'),
('e22', '202105', 6, '3429.37', '2021-07-04', 'RB'),
('e22', '202106', 0, '4690.34', '2021-08-03', 'RB'),
('e22', '202107', 7, '3239.75', '2021-09-01', 'RB'),
('e22', '202108', 4, '2891.34', '2021-09-06', 'VA'),
('e22', '202109', 5, '0.00', '2021-09-04', 'CR'),
('e24', '202009', 0, '3271.07', '2020-11-08', 'RB'),
('e24', '202010', 1, '2547.67', '2020-12-04', 'RB'),
('e24', '202011', 2, '1985.74', '2021-01-03', 'RB'),
('e24', '202012', 2, '4036.84', '2021-02-07', 'RB'),
('e24', '202101', 3, '3526.76', '2021-03-02', 'RB'),
('e24', '202102', 5, '2378.19', '2021-04-01', 'RB'),
('e24', '202103', 3, '2387.70', '2021-05-07', 'RB'),
('e24', '202104', 10, '3758.29', '2021-06-03', 'RB'),
('e24', '202105', 8, '2430.17', '2021-07-06', 'RB'),
('e24', '202106', 11, '1951.82', '2021-08-04', 'RB'),
('e24', '202107', 6, '3480.66', '2021-09-02', 'RB'),
('e24', '202108', 12, '2013.30', '2021-09-05', 'VA'),
('e24', '202109', 2, '0.00', '2021-09-06', 'CR'),
('e39', '202009', 7, '3931.96', '2020-11-02', 'RB'),
('e39', '202010', 8, '5264.80', '2020-12-07', 'RB'),
('e39', '202011', 12, '3224.48', '2021-01-03', 'RB'),
('e39', '202012', 12, '1631.83', '2021-02-03', 'RB'),
('e39', '202101', 10, '2759.39', '2021-03-05', 'RB'),
('e39', '202102', 9, '3469.80', '2021-04-03', 'RB'),
('e39', '202103', 7, '4028.88', '2021-05-05', 'RB'),
('e39', '202104', 10, '3265.65', '2021-06-07', 'RB'),
('e39', '202105', 0, '3758.68', '2021-07-05', 'RB'),
('e39', '202106', 8, '3533.96', '2021-08-03', 'RB'),
('e39', '202107', 11, '3157.32', '2021-09-03', 'RB'),
('e39', '202108', 5, '4153.50', '2021-09-05', 'VA'),
('e39', '202109', 11, '0.00', '2021-09-07', 'CR'),
('e49', '202009', 4, '3132.29', '2020-11-02', 'RB'),
('e49', '202010', 1, '1529.63', '2020-12-03', 'RB'),
('e49', '202011', 3, '3083.70', '2021-01-06', 'RB'),
('e49', '202012', 5, '3630.24', '2021-02-07', 'RB'),
('e49', '202101', 8, '1603.14', '2021-03-04', 'RB'),
('e49', '202102', 7, '4330.43', '2021-04-08', 'RB'),
('e49', '202103', 0, '2515.36', '2021-05-01', 'RB'),
('e49', '202104', 8, '4234.91', '2021-06-08', 'RB'),
('e49', '202105', 11, '2320.22', '2021-07-01', 'RB'),
('e49', '202106', 4, '2831.38', '2021-08-02', 'RB'),
('e49', '202107', 8, '3388.69', '2021-09-02', 'RB'),
('e49', '202108', 2, '2548.34', '2021-09-07', 'VA'),
('e49', '202109', 9, '0.00', '2021-09-07', 'CR'),
('e5', '202009', 4, '1306.41', '2020-11-06', 'RB'),
('e5', '202010', 7, '1446.07', '2020-12-08', 'RB'),
('e5', '202011', 4, '2475.47', '2021-01-07', 'RB'),
('e5', '202012', 4, '5239.93', '2021-02-02', 'RB'),
('e5', '202101', 12, '2254.41', '2021-03-04', 'RB'),
('e5', '202102', 1, '2229.73', '2021-04-07', 'RB'),
('e5', '202103', 4, '3732.93', '2021-05-03', 'RB'),
('e5', '202104', 12, '3644.74', '2021-06-03', 'RB'),
('e5', '202105', 10, '2792.63', '2021-07-07', 'RB'),
('e5', '202106', 2, '3146.52', '2021-08-07', 'RB'),
('e5', '202107', 9, '2396.50', '2021-09-03', 'RB'),
('e5', '202108', 2, '3619.96', '2021-09-02', 'VA'),
('e5', '202109', 2, '0.00', '2021-09-08', 'CR'),
('e52', '202009', 2, '4343.80', '2020-11-07', 'RB'),
('e52', '202010', 10, '2722.24', '2020-12-01', 'RB'),
('e52', '202011', 5, '4525.15', '2021-01-01', 'RB'),
('e52', '202012', 9, '3151.37', '2021-02-02', 'RB'),
('e52', '202101', 5, '3973.90', '2021-03-07', 'RB'),
('e52', '202102', 10, '3279.90', '2021-04-06', 'RB'),
('e52', '202103', 12, '2401.07', '2021-05-02', 'RB'),
('e52', '202104', 1, '2085.96', '2021-06-03', 'RB'),
('e52', '202105', 11, '3693.66', '2021-07-07', 'RB'),
('e52', '202106', 3, '3880.64', '2021-08-02', 'RB'),
('e52', '202107', 3, '2560.80', '2021-09-06', 'RB'),
('e52', '202108', 3, '1794.64', '2021-09-03', 'VA'),
('e52', '202109', 10, '0.00', '2021-09-05', 'CR'),
('f21', '202009', 11, '4907.86', '2020-11-06', 'RB'),
('f21', '202010', 3, '2961.72', '2020-12-07', 'RB'),
('f21', '202011', 1, '3045.22', '2021-01-06', 'RB'),
('f21', '202012', 5, '6258.21', '2021-02-01', 'RB'),
('f21', '202101', 7, '3452.57', '2021-03-06', 'RB'),
('f21', '202102', 4, '2137.05', '2021-04-02', 'RB'),
('f21', '202103', 12, '4427.80', '2021-05-03', 'RB'),
('f21', '202104', 11, '2887.18', '2021-06-01', 'RB'),
('f21', '202105', 6, '1487.52', '2021-07-07', 'RB'),
('f21', '202106', 10, '3595.44', '2021-08-01', 'RB'),
('f21', '202107', 6, '3153.50', '2021-09-03', 'RB'),
('f21', '202108', 6, '3287.29', '2021-09-04', 'VA'),
('f21', '202109', 3, '0.00', '2021-09-07', 'CR'),
('f39', '202009', 10, '2672.88', '2020-11-06', 'RB'),
('f39', '202010', 5, '3860.15', '2020-12-08', 'RB'),
('f39', '202011', 0, '2838.67', '2021-01-01', 'RB'),
('f39', '202012', 9, '2012.36', '2021-02-01', 'RB'),
('f39', '202101', 6, '1997.10', '2021-03-03', 'RB'),
('f39', '202102', 4, '2526.29', '2021-04-02', 'RB'),
('f39', '202103', 6, '3036.64', '2021-05-06', 'RB'),
('f39', '202104', 11, '2806.60', '2021-06-04', 'RB'),
('f39', '202105', 11, '2118.92', '2021-07-05', 'RB'),
('f39', '202106', 4, '2853.88', '2021-08-04', 'RB'),
('f39', '202107', 10, '3775.66', '2021-09-03', 'RB'),
('f39', '202108', 6, '3490.01', '2021-09-06', 'VA'),
('f39', '202109', 8, '0.00', '2021-09-06', 'CR'),
('f4', '202009', 12, '1903.80', '2020-11-01', 'RB'),
('f4', '202010', 7, '3408.66', '2020-12-06', 'RB'),
('f4', '202011', 0, '2724.50', '2021-01-07', 'RB'),
('f4', '202012', 6, '2615.52', '2021-02-08', 'RB'),
('f4', '202101', 7, '3671.81', '2021-03-08', 'RB'),
('f4', '202102', 2, '4031.30', '2021-04-05', 'RB'),
('f4', '202103', 8, '2081.47', '2021-05-01', 'RB'),
('f4', '202104', 2, '3482.53', '2021-06-02', 'RB'),
('f4', '202105', 0, '2136.88', '2021-07-04', 'RB'),
('f4', '202106', 6, '2156.01', '2021-08-08', 'RB'),
('f4', '202107', 9, '3937.32', '2021-09-04', 'RB'),
('f4', '202108', 0, '2436.43', '2021-09-05', 'VA'),
('f4', '202109', 6, '0.00', '2021-09-03', 'CR');

-- --------------------------------------------------------

--
-- Structure de la table `fraisforfait`
--

DROP TABLE IF EXISTS `fraisforfait`;
CREATE TABLE IF NOT EXISTS `fraisforfait` (
  `id` char(3) NOT NULL,
  `libelle` char(20) DEFAULT NULL,
  `montant` decimal(5,2) DEFAULT NULL,
  PRIMARY KEY (`id`)
) ENGINE=InnoDB DEFAULT CHARSET=latin1;

--
-- Déchargement des données de la table `fraisforfait`
--

INSERT INTO `fraisforfait` (`id`, `libelle`, `montant`) VALUES
('ETP', 'Forfait Etape', '110.00'),
('KM', 'Frais Kilométrique', '0.62'),
('NUI', 'Nuitée Hôtel', '80.00'),
('REP', 'Repas Restaurant', '25.00');

-- --------------------------------------------------------

--
-- Structure de la table `lignefraisforfait`
--

DROP TABLE IF EXISTS `lignefraisforfait`;
CREATE TABLE IF NOT EXISTS `lignefraisforfait` (
  `idvisiteur` char(4) NOT NULL,
  `mois` char(6) NOT NULL,
  `idfraisforfait` char(3) NOT NULL,
  `quantite` int(11) DEFAULT NULL,
  PRIMARY KEY (`idvisiteur`,`mois`,`idfraisforfait`),
  KEY `idfraisforfait` (`idfraisforfait`)
) ENGINE=InnoDB DEFAULT CHARSET=latin1;

--
-- Déchargement des données de la table `lignefraisforfait`
--

INSERT INTO `lignefraisforfait` (`idvisiteur`, `mois`, `idfraisforfait`, `quantite`) VALUES
('a131', '202009', 'ETP', 4),
('a131', '202009', 'KM', 913),
('a131', '202009', 'NUI', 4),
('a131', '202009', 'REP', 12),
('a131', '202010', 'ETP', 16),
('a131', '202010', 'KM', 884),
('a131', '202010', 'NUI', 9),
('a131', '202010', 'REP', 11),
('a131', '202011', 'ETP', 20),
('a131', '202011', 'KM', 493),
('a131', '202011', 'NUI', 13),
('a131', '202011', 'REP', 10),
('a131', '202012', 'ETP', 4),
('a131', '202012', 'KM', 761),
('a131', '202012', 'NUI', 20),
('a131', '202012', 'REP', 13),
('a131', '202101', 'ETP', 13),
('a131', '202101', 'KM', 480),
('a131', '202101', 'NUI', 7),
('a131', '202101', 'REP', 6),
('a131', '202102', 'ETP', 5),
('a131', '202102', 'KM', 620),
('a131', '202102', 'NUI', 13),
('a131', '202102', 'REP', 14),
('a131', '202103', 'ETP', 2),
('a131', '202103', 'KM', 976),
('a131', '202103', 'NUI', 9),
('a131', '202103', 'REP', 18),
('a131', '202104', 'ETP', 14),
('a131', '202104', 'KM', 752),
('a131', '202104', 'NUI', 13),
('a131', '202104', 'REP', 18),
('a131', '202105', 'ETP', 18),
('a131', '202105', 'KM', 439),
('a131', '202105', 'NUI', 19),
('a131', '202105', 'REP', 14),
('a131', '202106', 'ETP', 2),
('a131', '202106', 'KM', 524),
('a131', '202106', 'NUI', 13),
('a131', '202106', 'REP', 16),
('a131', '202107', 'ETP', 19),
('a131', '202107', 'KM', 619),
('a131', '202107', 'NUI', 4),
('a131', '202107', 'REP', 16),
('a131', '202108', 'ETP', 6),
('a131', '202108', 'KM', 347),
('a131', '202108', 'NUI', 7),
('a131', '202108', 'REP', 13),
('a131', '202109', 'ETP', 12),
('a131', '202109', 'KM', 434),
('a131', '202109', 'NUI', 12),
('a131', '202109', 'REP', 6),
('a131', '202110', 'ETP', 0),
('a131', '202110', 'KM', 0),
('a131', '202110', 'NUI', 0),
('a131', '202110', 'REP', 0),
('a17', '202009', 'ETP', 3),
('a17', '202009', 'KM', 935),
('a17', '202009', 'NUI', 7),
('a17', '202009', 'REP', 7),
('a17', '202010', 'ETP', 6),
('a17', '202010', 'KM', 816),
('a17', '202010', 'NUI', 17),
('a17', '202010', 'REP', 7),
('a17', '202011', 'ETP', 9),
('a17', '202011', 'KM', 695),
('a17', '202011', 'NUI', 11),
('a17', '202011', 'REP', 9),
('a17', '202012', 'ETP', 10),
('a17', '202012', 'KM', 626),
('a17', '202012', 'NUI', 10),
('a17', '202012', 'REP', 3),
('a17', '202101', 'ETP', 13),
('a17', '202101', 'KM', 638),
('a17', '202101', 'NUI', 19),
('a17', '202101', 'REP', 5),
('a17', '202102', 'ETP', 7),
('a17', '202102', 'KM', 796),
('a17', '202102', 'NUI', 13),
('a17', '202102', 'REP', 16),
('a17', '202103', 'ETP', 16),
('a17', '202103', 'KM', 759),
('a17', '202103', 'NUI', 9),
('a17', '202103', 'REP', 14),
('a17', '202104', 'ETP', 20),
('a17', '202104', 'KM', 314),
('a17', '202104', 'NUI', 4),
('a17', '202104', 'REP', 6),
('a17', '202105', 'ETP', 15),
('a17', '202105', 'KM', 589),
('a17', '202105', 'NUI', 20),
('a17', '202105', 'REP', 14),
('a17', '202106', 'ETP', 12),
('a17', '202106', 'KM', 943),
('a17', '202106', 'NUI', 17),
('a17', '202106', 'REP', 9),
('a17', '202107', 'ETP', 15),
('a17', '202107', 'KM', 860),
('a17', '202107', 'NUI', 11),
('a17', '202107', 'REP', 7),
('a17', '202108', 'ETP', 2),
('a17', '202108', 'KM', 871),
('a17', '202108', 'NUI', 11),
('a17', '202108', 'REP', 20),
('a17', '202109', 'ETP', 15),
('a17', '202109', 'KM', 750),
('a17', '202109', 'NUI', 14),
('a17', '202109', 'REP', 16),
('a55', '202009', 'ETP', 3),
('a55', '202009', 'KM', 517),
('a55', '202009', 'NUI', 6),
('a55', '202009', 'REP', 8),
('a55', '202010', 'ETP', 15),
('a55', '202010', 'KM', 497),
('a55', '202010', 'NUI', 4),
('a55', '202010', 'REP', 8),
('a55', '202011', 'ETP', 15),
('a55', '202011', 'KM', 440),
('a55', '202011', 'NUI', 12),
('a55', '202011', 'REP', 13),
('a55', '202012', 'ETP', 16),
('a55', '202012', 'KM', 552),
('a55', '202012', 'NUI', 17),
('a55', '202012', 'REP', 17),
('a55', '202101', 'ETP', 8),
('a55', '202101', 'KM', 874),
('a55', '202101', 'NUI', 3),
('a55', '202101', 'REP', 7),
('a55', '202102', 'ETP', 11),
('a55', '202102', 'KM', 756),
('a55', '202102', 'NUI', 17),
('a55', '202102', 'REP', 7),
('a55', '202103', 'ETP', 4),
('a55', '202103', 'KM', 481),
('a55', '202103', 'NUI', 8),
('a55', '202103', 'REP', 7),
('a55', '202104', 'ETP', 3),
('a55', '202104', 'KM', 575),
('a55', '202104', 'NUI', 14),
('a55', '202104', 'REP', 7),
('a55', '202105', 'ETP', 15),
('a55', '202105', 'KM', 512),
('a55', '202105', 'NUI', 16),
('a55', '202105', 'REP', 9),
('a55', '202106', 'ETP', 4),
('a55', '202106', 'KM', 424),
('a55', '202106', 'NUI', 3),
('a55', '202106', 'REP', 16),
('a55', '202107', 'ETP', 17),
('a55', '202107', 'KM', 686),
('a55', '202107', 'NUI', 13),
('a55', '202107', 'REP', 9),
('a55', '202108', 'ETP', 2),
('a55', '202108', 'KM', 340),
('a55', '202108', 'NUI', 6),
('a55', '202108', 'REP', 13),
('a55', '202109', 'ETP', 6),
('a55', '202109', 'KM', 995),
('a55', '202109', 'NUI', 2),
('a55', '202109', 'REP', 4),
('a93', '202009', 'ETP', 2),
('a93', '202009', 'KM', 615),
('a93', '202009', 'NUI', 14),
('a93', '202009', 'REP', 13),
('a93', '202010', 'ETP', 2),
('a93', '202010', 'KM', 447),
('a93', '202010', 'NUI', 16),
('a93', '202010', 'REP', 4),
('a93', '202011', 'ETP', 19),
('a93', '202011', 'KM', 636),
('a93', '202011', 'NUI', 9),
('a93', '202011', 'REP', 7),
('a93', '202012', 'ETP', 19),
('a93', '202012', 'KM', 612),
('a93', '202012', 'NUI', 6),
('a93', '202012', 'REP', 19),
('a93', '202101', 'ETP', 5),
('a93', '202101', 'KM', 379),
('a93', '202101', 'NUI', 5),
('a93', '202101', 'REP', 2),
('a93', '202102', 'ETP', 6),
('a93', '202102', 'KM', 743),
('a93', '202102', 'NUI', 9),
('a93', '202102', 'REP', 20),
('a93', '202103', 'ETP', 10),
('a93', '202103', 'KM', 878),
('a93', '202103', 'NUI', 17),
('a93', '202103', 'REP', 5),
('a93', '202104', 'ETP', 2),
('a93', '202104', 'KM', 875),
('a93', '202104', 'NUI', 5),
('a93', '202104', 'REP', 4),
('a93', '202105', 'ETP', 10),
('a93', '202105', 'KM', 939),
('a93', '202105', 'NUI', 8),
('a93', '202105', 'REP', 18),
('a93', '202106', 'ETP', 19),
('a93', '202106', 'KM', 460),
('a93', '202106', 'NUI', 11),
('a93', '202106', 'REP', 19),
('a93', '202107', 'ETP', 9),
('a93', '202107', 'KM', 768),
('a93', '202107', 'NUI', 8),
('a93', '202107', 'REP', 18),
('a93', '202108', 'ETP', 19),
('a93', '202108', 'KM', 811),
('a93', '202108', 'NUI', 6),
('a93', '202108', 'REP', 18),
('a93', '202109', 'ETP', 8),
('a93', '202109', 'KM', 791),
('a93', '202109', 'NUI', 20),
('a93', '202109', 'REP', 13),
('b13', '202009', 'ETP', 2),
('b13', '202009', 'KM', 416),
('b13', '202009', 'NUI', 19),
('b13', '202009', 'REP', 2),
('b13', '202010', 'ETP', 11),
('b13', '202010', 'KM', 390),
('b13', '202010', 'NUI', 4),
('b13', '202010', 'REP', 2),
('b13', '202011', 'ETP', 20),
('b13', '202011', 'KM', 541),
('b13', '202011', 'NUI', 9),
('b13', '202011', 'REP', 9),
('b13', '202012', 'ETP', 18),
('b13', '202012', 'KM', 838),
('b13', '202012', 'NUI', 6),
('b13', '202012', 'REP', 9),
('b13', '202101', 'ETP', 7),
('b13', '202101', 'KM', 786),
('b13', '202101', 'NUI', 16),
('b13', '202101', 'REP', 8),
('b13', '202102', 'ETP', 7),
('b13', '202102', 'KM', 934),
('b13', '202102', 'NUI', 19),
('b13', '202102', 'REP', 7),
('b13', '202103', 'ETP', 16),
('b13', '202103', 'KM', 524),
('b13', '202103', 'NUI', 5),
('b13', '202103', 'REP', 16),
('b13', '202104', 'ETP', 15),
('b13', '202104', 'KM', 616),
('b13', '202104', 'NUI', 14),
('b13', '202104', 'REP', 15),
('b13', '202105', 'ETP', 6),
('b13', '202105', 'KM', 851),
('b13', '202105', 'NUI', 19),
('b13', '202105', 'REP', 7),
('b13', '202106', 'ETP', 13),
('b13', '202106', 'KM', 653),
('b13', '202106', 'NUI', 8),
('b13', '202106', 'REP', 16),
('b13', '202107', 'ETP', 4),
('b13', '202107', 'KM', 717),
('b13', '202107', 'NUI', 4),
('b13', '202107', 'REP', 9),
('b13', '202108', 'ETP', 18),
('b13', '202108', 'KM', 443),
('b13', '202108', 'NUI', 19),
('b13', '202108', 'REP', 18),
('b13', '202109', 'ETP', 16),
('b13', '202109', 'KM', 629),
('b13', '202109', 'NUI', 18),
('b13', '202109', 'REP', 14),
('b16', '202009', 'ETP', 12),
('b16', '202009', 'KM', 355),
('b16', '202009', 'NUI', 8),
('b16', '202009', 'REP', 2),
('b16', '202010', 'ETP', 20),
('b16', '202010', 'KM', 681),
('b16', '202010', 'NUI', 17),
('b16', '202010', 'REP', 17),
('b16', '202011', 'ETP', 2),
('b16', '202011', 'KM', 591),
('b16', '202011', 'NUI', 13),
('b16', '202011', 'REP', 12),
('b16', '202012', 'ETP', 16),
('b16', '202012', 'KM', 520),
('b16', '202012', 'NUI', 3),
('b16', '202012', 'REP', 12),
('b16', '202101', 'ETP', 8),
('b16', '202101', 'KM', 519),
('b16', '202101', 'NUI', 10),
('b16', '202101', 'REP', 14),
('b16', '202102', 'ETP', 19),
('b16', '202102', 'KM', 976),
('b16', '202102', 'NUI', 6),
('b16', '202102', 'REP', 7),
('b16', '202103', 'ETP', 12),
('b16', '202103', 'KM', 887),
('b16', '202103', 'NUI', 15),
('b16', '202103', 'REP', 5),
('b16', '202104', 'ETP', 5),
('b16', '202104', 'KM', 594),
('b16', '202104', 'NUI', 15),
('b16', '202104', 'REP', 12),
('b16', '202105', 'ETP', 3),
('b16', '202105', 'KM', 959),
('b16', '202105', 'NUI', 2),
('b16', '202105', 'REP', 11),
('b16', '202106', 'ETP', 13),
('b16', '202106', 'KM', 408),
('b16', '202106', 'NUI', 12),
('b16', '202106', 'REP', 10),
('b16', '202107', 'ETP', 6),
('b16', '202107', 'KM', 524),
('b16', '202107', 'NUI', 14),
('b16', '202107', 'REP', 17),
('b16', '202108', 'ETP', 13),
('b16', '202108', 'KM', 607),
('b16', '202108', 'NUI', 6),
('b16', '202108', 'REP', 2),
('b16', '202109', 'ETP', 13),
('b16', '202109', 'KM', 894),
('b16', '202109', 'NUI', 15),
('b16', '202109', 'REP', 17),
('b19', '202009', 'ETP', 14),
('b19', '202009', 'KM', 650),
('b19', '202009', 'NUI', 2),
('b19', '202009', 'REP', 16),
('b19', '202010', 'ETP', 5),
('b19', '202010', 'KM', 350),
('b19', '202010', 'NUI', 2),
('b19', '202010', 'REP', 10),
('b19', '202011', 'ETP', 2),
('b19', '202011', 'KM', 934),
('b19', '202011', 'NUI', 7),
('b19', '202011', 'REP', 13),
('b19', '202012', 'ETP', 6),
('b19', '202012', 'KM', 734),
('b19', '202012', 'NUI', 11),
('b19', '202012', 'REP', 9),
('b19', '202101', 'ETP', 11),
('b19', '202101', 'KM', 435),
('b19', '202101', 'NUI', 15),
('b19', '202101', 'REP', 11),
('b19', '202102', 'ETP', 9),
('b19', '202102', 'KM', 533),
('b19', '202102', 'NUI', 4),
('b19', '202102', 'REP', 6),
('b19', '202103', 'ETP', 7),
('b19', '202103', 'KM', 838),
('b19', '202103', 'NUI', 14),
('b19', '202103', 'REP', 16),
('b19', '202104', 'ETP', 10),
('b19', '202104', 'KM', 792),
('b19', '202104', 'NUI', 12),
('b19', '202104', 'REP', 16),
('b19', '202105', 'ETP', 11),
('b19', '202105', 'KM', 826),
('b19', '202105', 'NUI', 6),
('b19', '202105', 'REP', 17),
('b19', '202106', 'ETP', 6),
('b19', '202106', 'KM', 698),
('b19', '202106', 'NUI', 19),
('b19', '202106', 'REP', 18),
('b19', '202107', 'ETP', 20),
('b19', '202107', 'KM', 928),
('b19', '202107', 'NUI', 12),
('b19', '202107', 'REP', 5),
('b19', '202108', 'ETP', 16),
('b19', '202108', 'KM', 741),
('b19', '202108', 'NUI', 14),
('b19', '202108', 'REP', 13),
('b19', '202109', 'ETP', 7),
('b19', '202109', 'KM', 331),
('b19', '202109', 'NUI', 6),
('b19', '202109', 'REP', 6),
('b25', '202009', 'ETP', 17),
('b25', '202009', 'KM', 817),
('b25', '202009', 'NUI', 12),
('b25', '202009', 'REP', 12),
('b25', '202010', 'ETP', 9),
('b25', '202010', 'KM', 492),
('b25', '202010', 'NUI', 6),
('b25', '202010', 'REP', 14),
('b25', '202011', 'ETP', 15),
('b25', '202011', 'KM', 764),
('b25', '202011', 'NUI', 18),
('b25', '202011', 'REP', 13),
('b25', '202012', 'ETP', 13),
('b25', '202012', 'KM', 538),
('b25', '202012', 'NUI', 7),
('b25', '202012', 'REP', 19),
('b25', '202101', 'ETP', 16),
('b25', '202101', 'KM', 993),
('b25', '202101', 'NUI', 7),
('b25', '202101', 'REP', 13),
('b25', '202102', 'ETP', 10),
('b25', '202102', 'KM', 817),
('b25', '202102', 'NUI', 14),
('b25', '202102', 'REP', 2),
('b25', '202103', 'ETP', 11),
('b25', '202103', 'KM', 725),
('b25', '202103', 'NUI', 18),
('b25', '202103', 'REP', 7),
('b25', '202104', 'ETP', 14),
('b25', '202104', 'KM', 826),
('b25', '202104', 'NUI', 11),
('b25', '202104', 'REP', 5),
('b25', '202105', 'ETP', 9),
('b25', '202105', 'KM', 332),
('b25', '202105', 'NUI', 20),
('b25', '202105', 'REP', 11),
('b25', '202106', 'ETP', 11),
('b25', '202106', 'KM', 474),
('b25', '202106', 'NUI', 11),
('b25', '202106', 'REP', 7),
('b25', '202107', 'ETP', 17),
('b25', '202107', 'KM', 788),
('b25', '202107', 'NUI', 7),
('b25', '202107', 'REP', 2),
('b25', '202108', 'ETP', 10),
('b25', '202108', 'KM', 863),
('b25', '202108', 'NUI', 10),
('b25', '202108', 'REP', 12),
('b25', '202109', 'ETP', 4),
('b25', '202109', 'KM', 375),
('b25', '202109', 'NUI', 3),
('b25', '202109', 'REP', 19),
('b28', '202009', 'ETP', 9),
('b28', '202009', 'KM', 413),
('b28', '202009', 'NUI', 4),
('b28', '202009', 'REP', 11),
('b28', '202010', 'ETP', 2),
('b28', '202010', 'KM', 889),
('b28', '202010', 'NUI', 16),
('b28', '202010', 'REP', 17),
('b28', '202011', 'ETP', 20),
('b28', '202011', 'KM', 326),
('b28', '202011', 'NUI', 8),
('b28', '202011', 'REP', 6),
('b28', '202012', 'ETP', 19),
('b28', '202012', 'KM', 466),
('b28', '202012', 'NUI', 4),
('b28', '202012', 'REP', 9),
('b28', '202101', 'ETP', 19),
('b28', '202101', 'KM', 700),
('b28', '202101', 'NUI', 8),
('b28', '202101', 'REP', 20),
('b28', '202102', 'ETP', 3),
('b28', '202102', 'KM', 306),
('b28', '202102', 'NUI', 15),
('b28', '202102', 'REP', 3),
('b28', '202103', 'ETP', 14),
('b28', '202103', 'KM', 934),
('b28', '202103', 'NUI', 9),
('b28', '202103', 'REP', 9),
('b28', '202104', 'ETP', 18),
('b28', '202104', 'KM', 524),
('b28', '202104', 'NUI', 4),
('b28', '202104', 'REP', 6),
('b28', '202105', 'ETP', 13),
('b28', '202105', 'KM', 968),
('b28', '202105', 'NUI', 14),
('b28', '202105', 'REP', 5),
('b28', '202106', 'ETP', 20),
('b28', '202106', 'KM', 577),
('b28', '202106', 'NUI', 14),
('b28', '202106', 'REP', 16),
('b28', '202107', 'ETP', 15),
('b28', '202107', 'KM', 734),
('b28', '202107', 'NUI', 13),
('b28', '202107', 'REP', 6),
('b28', '202108', 'ETP', 3),
('b28', '202108', 'KM', 397),
('b28', '202108', 'NUI', 13),
('b28', '202108', 'REP', 19),
('b28', '202109', 'ETP', 10),
('b28', '202109', 'KM', 785),
('b28', '202109', 'NUI', 6),
('b28', '202109', 'REP', 19),
('b34', '202009', 'ETP', 9),
('b34', '202009', 'KM', 864),
('b34', '202009', 'NUI', 19),
('b34', '202009', 'REP', 20),
('b34', '202010', 'ETP', 20),
('b34', '202010', 'KM', 577),
('b34', '202010', 'NUI', 6),
('b34', '202010', 'REP', 12),
('b34', '202011', 'ETP', 12),
('b34', '202011', 'KM', 468),
('b34', '202011', 'NUI', 6),
('b34', '202011', 'REP', 14),
('b34', '202012', 'ETP', 19),
('b34', '202012', 'KM', 529),
('b34', '202012', 'NUI', 18),
('b34', '202012', 'REP', 11),
('b34', '202101', 'ETP', 2),
('b34', '202101', 'KM', 946),
('b34', '202101', 'NUI', 11),
('b34', '202101', 'REP', 7),
('b34', '202102', 'ETP', 4),
('b34', '202102', 'KM', 967),
('b34', '202102', 'NUI', 15),
('b34', '202102', 'REP', 5),
('b34', '202103', 'ETP', 20),
('b34', '202103', 'KM', 448),
('b34', '202103', 'NUI', 19),
('b34', '202103', 'REP', 4),
('b34', '202104', 'ETP', 6),
('b34', '202104', 'KM', 826),
('b34', '202104', 'NUI', 15),
('b34', '202104', 'REP', 14),
('b34', '202105', 'ETP', 7),
('b34', '202105', 'KM', 948),
('b34', '202105', 'NUI', 8),
('b34', '202105', 'REP', 12),
('b34', '202106', 'ETP', 11),
('b34', '202106', 'KM', 994),
('b34', '202106', 'NUI', 12),
('b34', '202106', 'REP', 6),
('b34', '202107', 'ETP', 6),
('b34', '202107', 'KM', 368),
('b34', '202107', 'NUI', 17),
('b34', '202107', 'REP', 7),
('b34', '202108', 'ETP', 17),
('b34', '202108', 'KM', 583),
('b34', '202108', 'NUI', 15),
('b34', '202108', 'REP', 4),
('b34', '202109', 'ETP', 4),
('b34', '202109', 'KM', 415),
('b34', '202109', 'NUI', 9),
('b34', '202109', 'REP', 16),
('b4', '202009', 'ETP', 3),
('b4', '202009', 'KM', 700),
('b4', '202009', 'NUI', 4),
('b4', '202009', 'REP', 14),
('b4', '202010', 'ETP', 14),
('b4', '202010', 'KM', 819),
('b4', '202010', 'NUI', 13),
('b4', '202010', 'REP', 4),
('b4', '202011', 'ETP', 7),
('b4', '202011', 'KM', 572),
('b4', '202011', 'NUI', 15),
('b4', '202011', 'REP', 4),
('b4', '202012', 'ETP', 11),
('b4', '202012', 'KM', 492),
('b4', '202012', 'NUI', 7),
('b4', '202012', 'REP', 16),
('b4', '202101', 'ETP', 5),
('b4', '202101', 'KM', 480),
('b4', '202101', 'NUI', 12),
('b4', '202101', 'REP', 15),
('b4', '202102', 'ETP', 8),
('b4', '202102', 'KM', 642),
('b4', '202102', 'NUI', 20),
('b4', '202102', 'REP', 10),
('b4', '202103', 'ETP', 14),
('b4', '202103', 'KM', 577),
('b4', '202103', 'NUI', 7),
('b4', '202103', 'REP', 15),
('b4', '202104', 'ETP', 3),
('b4', '202104', 'KM', 329),
('b4', '202104', 'NUI', 20),
('b4', '202104', 'REP', 2),
('b4', '202105', 'ETP', 19),
('b4', '202105', 'KM', 402),
('b4', '202105', 'NUI', 7),
('b4', '202105', 'REP', 8),
('b4', '202106', 'ETP', 20),
('b4', '202106', 'KM', 344),
('b4', '202106', 'NUI', 11),
('b4', '202106', 'REP', 5),
('b4', '202107', 'ETP', 9),
('b4', '202107', 'KM', 305),
('b4', '202107', 'NUI', 11),
('b4', '202107', 'REP', 11),
('b4', '202108', 'ETP', 16),
('b4', '202108', 'KM', 560),
('b4', '202108', 'NUI', 15),
('b4', '202108', 'REP', 6),
('b4', '202109', 'ETP', 20),
('b4', '202109', 'KM', 669),
('b4', '202109', 'NUI', 20),
('b4', '202109', 'REP', 8),
('b50', '202009', 'ETP', 3),
('b50', '202009', 'KM', 360),
('b50', '202009', 'NUI', 4),
('b50', '202009', 'REP', 5),
('b50', '202010', 'ETP', 9),
('b50', '202010', 'KM', 457),
('b50', '202010', 'NUI', 12),
('b50', '202010', 'REP', 16),
('b50', '202011', 'ETP', 5),
('b50', '202011', 'KM', 958),
('b50', '202011', 'NUI', 5),
('b50', '202011', 'REP', 3),
('b50', '202012', 'ETP', 3),
('b50', '202012', 'KM', 776),
('b50', '202012', 'NUI', 2),
('b50', '202012', 'REP', 11),
('b50', '202101', 'ETP', 19),
('b50', '202101', 'KM', 961),
('b50', '202101', 'NUI', 5),
('b50', '202101', 'REP', 12),
('b50', '202102', 'ETP', 9),
('b50', '202102', 'KM', 750),
('b50', '202102', 'NUI', 16),
('b50', '202102', 'REP', 13),
('b50', '202103', 'ETP', 10),
('b50', '202103', 'KM', 978),
('b50', '202103', 'NUI', 9),
('b50', '202103', 'REP', 18),
('b50', '202104', 'ETP', 9),
('b50', '202104', 'KM', 928),
('b50', '202104', 'NUI', 20),
('b50', '202104', 'REP', 16),
('b50', '202105', 'ETP', 19),
('b50', '202105', 'KM', 789),
('b50', '202105', 'NUI', 14),
('b50', '202105', 'REP', 18),
('b50', '202106', 'ETP', 7),
('b50', '202106', 'KM', 947),
('b50', '202106', 'NUI', 9),
('b50', '202106', 'REP', 2),
('b50', '202107', 'ETP', 7),
('b50', '202107', 'KM', 406),
('b50', '202107', 'NUI', 6),
('b50', '202107', 'REP', 5),
('b50', '202108', 'ETP', 7),
('b50', '202108', 'KM', 616),
('b50', '202108', 'NUI', 7),
('b50', '202108', 'REP', 10),
('b50', '202109', 'ETP', 8),
('b50', '202109', 'KM', 510),
('b50', '202109', 'NUI', 15),
('b50', '202109', 'REP', 14),
('b59', '202009', 'ETP', 10),
('b59', '202009', 'KM', 773),
('b59', '202009', 'NUI', 15),
('b59', '202009', 'REP', 15),
('b59', '202010', 'ETP', 8),
('b59', '202010', 'KM', 616),
('b59', '202010', 'NUI', 3),
('b59', '202010', 'REP', 4),
('b59', '202011', 'ETP', 5),
('b59', '202011', 'KM', 905),
('b59', '202011', 'NUI', 20),
('b59', '202011', 'REP', 11),
('b59', '202012', 'ETP', 12),
('b59', '202012', 'KM', 655),
('b59', '202012', 'NUI', 3),
('b59', '202012', 'REP', 18),
('b59', '202101', 'ETP', 20),
('b59', '202101', 'KM', 529),
('b59', '202101', 'NUI', 20),
('b59', '202101', 'REP', 6),
('b59', '202102', 'ETP', 3),
('b59', '202102', 'KM', 371),
('b59', '202102', 'NUI', 11),
('b59', '202102', 'REP', 14),
('b59', '202103', 'ETP', 2),
('b59', '202103', 'KM', 870),
('b59', '202103', 'NUI', 5),
('b59', '202103', 'REP', 14),
('b59', '202104', 'ETP', 4),
('b59', '202104', 'KM', 654),
('b59', '202104', 'NUI', 20),
('b59', '202104', 'REP', 9),
('b59', '202105', 'ETP', 6),
('b59', '202105', 'KM', 506),
('b59', '202105', 'NUI', 16),
('b59', '202105', 'REP', 19),
('b59', '202106', 'ETP', 20),
('b59', '202106', 'KM', 639),
('b59', '202106', 'NUI', 12),
('b59', '202106', 'REP', 18),
('b59', '202107', 'ETP', 2),
('b59', '202107', 'KM', 402),
('b59', '202107', 'NUI', 5),
('b59', '202107', 'REP', 11),
('b59', '202108', 'ETP', 18),
('b59', '202108', 'KM', 829),
('b59', '202108', 'NUI', 13),
('b59', '202108', 'REP', 14),
('b59', '202109', 'ETP', 16),
('b59', '202109', 'KM', 449),
('b59', '202109', 'NUI', 8),
('b59', '202109', 'REP', 15),
('c14', '202009', 'ETP', 16),
('c14', '202009', 'KM', 947),
('c14', '202009', 'NUI', 11),
('c14', '202009', 'REP', 15),
('c14', '202010', 'ETP', 4),
('c14', '202010', 'KM', 373),
('c14', '202010', 'NUI', 19),
('c14', '202010', 'REP', 20),
('c14', '202011', 'ETP', 9),
('c14', '202011', 'KM', 965),
('c14', '202011', 'NUI', 6),
('c14', '202011', 'REP', 3),
('c14', '202012', 'ETP', 8),
('c14', '202012', 'KM', 528),
('c14', '202012', 'NUI', 8),
('c14', '202012', 'REP', 15),
('c14', '202101', 'ETP', 19),
('c14', '202101', 'KM', 548),
('c14', '202101', 'NUI', 17),
('c14', '202101', 'REP', 14),
('c14', '202102', 'ETP', 19),
('c14', '202102', 'KM', 860),
('c14', '202102', 'NUI', 20),
('c14', '202102', 'REP', 12),
('c14', '202103', 'ETP', 2),
('c14', '202103', 'KM', 725),
('c14', '202103', 'NUI', 19),
('c14', '202103', 'REP', 19),
('c14', '202104', 'ETP', 5),
('c14', '202104', 'KM', 819),
('c14', '202104', 'NUI', 10),
('c14', '202104', 'REP', 16),
('c14', '202105', 'ETP', 8),
('c14', '202105', 'KM', 381),
('c14', '202105', 'NUI', 11),
('c14', '202105', 'REP', 13),
('c14', '202106', 'ETP', 6),
('c14', '202106', 'KM', 303),
('c14', '202106', 'NUI', 14),
('c14', '202106', 'REP', 11),
('c14', '202107', 'ETP', 12),
('c14', '202107', 'KM', 689),
('c14', '202107', 'NUI', 17),
('c14', '202107', 'REP', 14),
('c14', '202108', 'ETP', 19),
('c14', '202108', 'KM', 658),
('c14', '202108', 'NUI', 10),
('c14', '202108', 'REP', 15),
('c14', '202109', 'ETP', 18),
('c14', '202109', 'KM', 782),
('c14', '202109', 'NUI', 5),
('c14', '202109', 'REP', 14),
('c3', '202009', 'ETP', 11),
('c3', '202009', 'KM', 966),
('c3', '202009', 'NUI', 9),
('c3', '202009', 'REP', 17),
('c3', '202010', 'ETP', 12),
('c3', '202010', 'KM', 422),
('c3', '202010', 'NUI', 10),
('c3', '202010', 'REP', 2),
('c3', '202011', 'ETP', 3),
('c3', '202011', 'KM', 334),
('c3', '202011', 'NUI', 11),
('c3', '202011', 'REP', 18),
('c3', '202012', 'ETP', 11),
('c3', '202012', 'KM', 374),
('c3', '202012', 'NUI', 12),
('c3', '202012', 'REP', 5),
('c3', '202101', 'ETP', 14),
('c3', '202101', 'KM', 647),
('c3', '202101', 'NUI', 19),
('c3', '202101', 'REP', 20),
('c3', '202102', 'ETP', 16),
('c3', '202102', 'KM', 942),
('c3', '202102', 'NUI', 9),
('c3', '202102', 'REP', 16),
('c3', '202103', 'ETP', 7),
('c3', '202103', 'KM', 619),
('c3', '202103', 'NUI', 18),
('c3', '202103', 'REP', 8),
('c3', '202104', 'ETP', 2),
('c3', '202104', 'KM', 828),
('c3', '202104', 'NUI', 8),
('c3', '202104', 'REP', 16),
('c3', '202105', 'ETP', 14),
('c3', '202105', 'KM', 474),
('c3', '202105', 'NUI', 10),
('c3', '202105', 'REP', 3),
('c3', '202106', 'ETP', 19),
('c3', '202106', 'KM', 641),
('c3', '202106', 'NUI', 7),
('c3', '202106', 'REP', 5),
('c3', '202107', 'ETP', 8),
('c3', '202107', 'KM', 433),
('c3', '202107', 'NUI', 3),
('c3', '202107', 'REP', 19),
('c3', '202108', 'ETP', 6),
('c3', '202108', 'KM', 693),
('c3', '202108', 'NUI', 2),
('c3', '202108', 'REP', 11),
('c3', '202109', 'ETP', 7),
('c3', '202109', 'KM', 411),
('c3', '202109', 'NUI', 8),
('c3', '202109', 'REP', 15),
('c54', '202009', 'ETP', 14),
('c54', '202009', 'KM', 552),
('c54', '202009', 'NUI', 12),
('c54', '202009', 'REP', 14),
('c54', '202010', 'ETP', 2),
('c54', '202010', 'KM', 711),
('c54', '202010', 'NUI', 5),
('c54', '202010', 'REP', 6),
('c54', '202011', 'ETP', 5),
('c54', '202011', 'KM', 307),
('c54', '202011', 'NUI', 2),
('c54', '202011', 'REP', 8),
('c54', '202012', 'ETP', 13),
('c54', '202012', 'KM', 380),
('c54', '202012', 'NUI', 2),
('c54', '202012', 'REP', 11),
('c54', '202101', 'ETP', 5),
('c54', '202101', 'KM', 492),
('c54', '202101', 'NUI', 7),
('c54', '202101', 'REP', 11),
('c54', '202102', 'ETP', 10),
('c54', '202102', 'KM', 986),
('c54', '202102', 'NUI', 10),
('c54', '202102', 'REP', 3),
('c54', '202103', 'ETP', 6),
('c54', '202103', 'KM', 347),
('c54', '202103', 'NUI', 14),
('c54', '202103', 'REP', 13),
('c54', '202104', 'ETP', 19),
('c54', '202104', 'KM', 943),
('c54', '202104', 'NUI', 19),
('c54', '202104', 'REP', 4),
('c54', '202105', 'ETP', 10),
('c54', '202105', 'KM', 782),
('c54', '202105', 'NUI', 14),
('c54', '202105', 'REP', 6),
('c54', '202106', 'ETP', 7),
('c54', '202106', 'KM', 300),
('c54', '202106', 'NUI', 3),
('c54', '202106', 'REP', 16),
('c54', '202107', 'ETP', 9),
('c54', '202107', 'KM', 698),
('c54', '202107', 'NUI', 15),
('c54', '202107', 'REP', 19),
('c54', '202108', 'ETP', 6),
('c54', '202108', 'KM', 475),
('c54', '202108', 'NUI', 6),
('c54', '202108', 'REP', 8),
('c54', '202109', 'ETP', 16),
('c54', '202109', 'KM', 927),
('c54', '202109', 'NUI', 16),
('c54', '202109', 'REP', 11),
('d13', '202009', 'ETP', 13),
('d13', '202009', 'KM', 805),
('d13', '202009', 'NUI', 2),
('d13', '202009', 'REP', 13),
('d13', '202010', 'ETP', 9),
('d13', '202010', 'KM', 404),
('d13', '202010', 'NUI', 18),
('d13', '202010', 'REP', 3),
('d13', '202011', 'ETP', 19),
('d13', '202011', 'KM', 479),
('d13', '202011', 'NUI', 9),
('d13', '202011', 'REP', 12),
('d13', '202012', 'ETP', 8),
('d13', '202012', 'KM', 420),
('d13', '202012', 'NUI', 16),
('d13', '202012', 'REP', 19),
('d13', '202101', 'ETP', 2),
('d13', '202101', 'KM', 837),
('d13', '202101', 'NUI', 5),
('d13', '202101', 'REP', 17),
('d13', '202102', 'ETP', 4),
('d13', '202102', 'KM', 593),
('d13', '202102', 'NUI', 10),
('d13', '202102', 'REP', 4),
('d13', '202103', 'ETP', 12),
('d13', '202103', 'KM', 418),
('d13', '202103', 'NUI', 10),
('d13', '202103', 'REP', 3),
('d13', '202104', 'ETP', 8),
('d13', '202104', 'KM', 612),
('d13', '202104', 'NUI', 4),
('d13', '202104', 'REP', 9),
('d13', '202105', 'ETP', 20),
('d13', '202105', 'KM', 965),
('d13', '202105', 'NUI', 9),
('d13', '202105', 'REP', 20),
('d13', '202106', 'ETP', 2),
('d13', '202106', 'KM', 954),
('d13', '202106', 'NUI', 5),
('d13', '202106', 'REP', 16),
('d13', '202107', 'ETP', 9),
('d13', '202107', 'KM', 430),
('d13', '202107', 'NUI', 19),
('d13', '202107', 'REP', 3),
('d13', '202108', 'ETP', 12),
('d13', '202108', 'KM', 830),
('d13', '202108', 'NUI', 7),
('d13', '202108', 'REP', 2),
('d13', '202109', 'ETP', 16),
('d13', '202109', 'KM', 746),
('d13', '202109', 'NUI', 12),
('d13', '202109', 'REP', 9),
('d51', '202009', 'ETP', 17),
('d51', '202009', 'KM', 357),
('d51', '202009', 'NUI', 20),
('d51', '202009', 'REP', 18),
('d51', '202010', 'ETP', 19),
('d51', '202010', 'KM', 554),
('d51', '202010', 'NUI', 5),
('d51', '202010', 'REP', 9),
('d51', '202011', 'ETP', 20),
('d51', '202011', 'KM', 940),
('d51', '202011', 'NUI', 19),
('d51', '202011', 'REP', 19),
('d51', '202012', 'ETP', 10),
('d51', '202012', 'KM', 475),
('d51', '202012', 'NUI', 5),
('d51', '202012', 'REP', 9),
('d51', '202101', 'ETP', 10),
('d51', '202101', 'KM', 522),
('d51', '202101', 'NUI', 16),
('d51', '202101', 'REP', 15),
('d51', '202102', 'ETP', 7),
('d51', '202102', 'KM', 936),
('d51', '202102', 'NUI', 2),
('d51', '202102', 'REP', 18),
('d51', '202103', 'ETP', 18),
('d51', '202103', 'KM', 654),
('d51', '202103', 'NUI', 8),
('d51', '202103', 'REP', 15),
('d51', '202104', 'ETP', 20),
('d51', '202104', 'KM', 758),
('d51', '202104', 'NUI', 2),
('d51', '202104', 'REP', 15),
('d51', '202105', 'ETP', 19),
('d51', '202105', 'KM', 348),
('d51', '202105', 'NUI', 12),
('d51', '202105', 'REP', 16),
('d51', '202106', 'ETP', 12),
('d51', '202106', 'KM', 641),
('d51', '202106', 'NUI', 15),
('d51', '202106', 'REP', 15),
('d51', '202107', 'ETP', 17),
('d51', '202107', 'KM', 486),
('d51', '202107', 'NUI', 20),
('d51', '202107', 'REP', 7),
('d51', '202108', 'ETP', 16),
('d51', '202108', 'KM', 488),
('d51', '202108', 'NUI', 17),
('d51', '202108', 'REP', 14),
('d51', '202109', 'ETP', 12),
('d51', '202109', 'KM', 601),
('d51', '202109', 'NUI', 16),
('d51', '202109', 'REP', 2),
('e22', '202009', 'ETP', 3),
('e22', '202009', 'KM', 916),
('e22', '202009', 'NUI', 2),
('e22', '202009', 'REP', 16),
('e22', '202010', 'ETP', 3),
('e22', '202010', 'KM', 518),
('e22', '202010', 'NUI', 15),
('e22', '202010', 'REP', 14),
('e22', '202011', 'ETP', 17),
('e22', '202011', 'KM', 940),
('e22', '202011', 'NUI', 8),
('e22', '202011', 'REP', 9),
('e22', '202012', 'ETP', 10),
('e22', '202012', 'KM', 918),
('e22', '202012', 'NUI', 13),
('e22', '202012', 'REP', 7),
('e22', '202101', 'ETP', 14),
('e22', '202101', 'KM', 526),
('e22', '202101', 'NUI', 10),
('e22', '202101', 'REP', 19),
('e22', '202102', 'ETP', 9),
('e22', '202102', 'KM', 694),
('e22', '202102', 'NUI', 18),
('e22', '202102', 'REP', 5),
('e22', '202103', 'ETP', 3),
('e22', '202103', 'KM', 990),
('e22', '202103', 'NUI', 18),
('e22', '202103', 'REP', 3),
('e22', '202104', 'ETP', 11),
('e22', '202104', 'KM', 664),
('e22', '202104', 'NUI', 4),
('e22', '202104', 'REP', 4),
('e22', '202105', 'ETP', 17),
('e22', '202105', 'KM', 609),
('e22', '202105', 'NUI', 13),
('e22', '202105', 'REP', 20),
('e22', '202106', 'ETP', 11),
('e22', '202106', 'KM', 956),
('e22', '202106', 'NUI', 14),
('e22', '202106', 'REP', 18),
('e22', '202107', 'ETP', 8),
('e22', '202107', 'KM', 873),
('e22', '202107', 'NUI', 11),
('e22', '202107', 'REP', 12),
('e22', '202108', 'ETP', 13),
('e22', '202108', 'KM', 446),
('e22', '202108', 'NUI', 12),
('e22', '202108', 'REP', 5),
('e22', '202109', 'ETP', 5),
('e22', '202109', 'KM', 646),
('e22', '202109', 'NUI', 12),
('e22', '202109', 'REP', 9),
('e24', '202009', 'ETP', 12),
('e24', '202009', 'KM', 326),
('e24', '202009', 'NUI', 16),
('e24', '202009', 'REP', 9),
('e24', '202010', 'ETP', 10),
('e24', '202010', 'KM', 327),
('e24', '202010', 'NUI', 9),
('e24', '202010', 'REP', 6),
('e24', '202011', 'ETP', 8),
('e24', '202011', 'KM', 340),
('e24', '202011', 'NUI', 7),
('e24', '202011', 'REP', 9),
('e24', '202012', 'ETP', 17),
('e24', '202012', 'KM', 400),
('e24', '202012', 'NUI', 2),
('e24', '202012', 'REP', 9),
('e24', '202101', 'ETP', 14),
('e24', '202101', 'KM', 832),
('e24', '202101', 'NUI', 9),
('e24', '202101', 'REP', 8),
('e24', '202102', 'ETP', 6),
('e24', '202102', 'KM', 944),
('e24', '202102', 'NUI', 6),
('e24', '202102', 'REP', 12),
('e24', '202103', 'ETP', 12),
('e24', '202103', 'KM', 311),
('e24', '202103', 'NUI', 4),
('e24', '202103', 'REP', 15),
('e24', '202104', 'ETP', 17),
('e24', '202104', 'KM', 963),
('e24', '202104', 'NUI', 11),
('e24', '202104', 'REP', 13),
('e24', '202105', 'ETP', 11),
('e24', '202105', 'KM', 619),
('e24', '202105', 'NUI', 12),
('e24', '202105', 'REP', 9),
('e24', '202106', 'ETP', 4),
('e24', '202106', 'KM', 453),
('e24', '202106', 'NUI', 11),
('e24', '202106', 'REP', 11),
('e24', '202107', 'ETP', 11),
('e24', '202107', 'KM', 611),
('e24', '202107', 'NUI', 15),
('e24', '202107', 'REP', 18),
('e24', '202108', 'ETP', 5),
('e24', '202108', 'KM', 882),
('e24', '202108', 'NUI', 3),
('e24', '202108', 'REP', 3),
('e24', '202109', 'ETP', 3),
('e24', '202109', 'KM', 425),
('e24', '202109', 'NUI', 10),
('e24', '202109', 'REP', 5),
('e39', '202009', 'ETP', 12),
('e39', '202009', 'KM', 510),
('e39', '202009', 'NUI', 9),
('e39', '202009', 'REP', 15),
('e39', '202010', 'ETP', 20),
('e39', '202010', 'KM', 690),
('e39', '202010', 'NUI', 8),
('e39', '202010', 'REP', 14),
('e39', '202011', 'ETP', 6),
('e39', '202011', 'KM', 649),
('e39', '202011', 'NUI', 13),
('e39', '202011', 'REP', 6),
('e39', '202012', 'ETP', 6),
('e39', '202012', 'KM', 742),
('e39', '202012', 'NUI', 3),
('e39', '202012', 'REP', 10),
('e39', '202101', 'ETP', 3),
('e39', '202101', 'KM', 743),
('e39', '202101', 'NUI', 15),
('e39', '202101', 'REP', 20),
('e39', '202102', 'ETP', 20),
('e39', '202102', 'KM', 685),
('e39', '202102', 'NUI', 18),
('e39', '202102', 'REP', 7),
('e39', '202103', 'ETP', 13),
('e39', '202103', 'KM', 674),
('e39', '202103', 'NUI', 17),
('e39', '202103', 'REP', 11),
('e39', '202104', 'ETP', 20),
('e39', '202104', 'KM', 837),
('e39', '202104', 'NUI', 7),
('e39', '202104', 'REP', 2),
('e39', '202105', 'ETP', 6),
('e39', '202105', 'KM', 686),
('e39', '202105', 'NUI', 12),
('e39', '202105', 'REP', 9),
('e39', '202106', 'ETP', 10),
('e39', '202106', 'KM', 823),
('e39', '202106', 'NUI', 4),
('e39', '202106', 'REP', 12),
('e39', '202107', 'ETP', 4),
('e39', '202107', 'KM', 456),
('e39', '202107', 'NUI', 18),
('e39', '202107', 'REP', 12),
('e39', '202108', 'ETP', 19),
('e39', '202108', 'KM', 308),
('e39', '202108', 'NUI', 8),
('e39', '202108', 'REP', 17),
('e39', '202109', 'ETP', 15),
('e39', '202109', 'KM', 885),
('e39', '202109', 'NUI', 10),
('e39', '202109', 'REP', 6),
('e49', '202009', 'ETP', 8),
('e49', '202009', 'KM', 966),
('e49', '202009', 'NUI', 7),
('e49', '202009', 'REP', 10),
('e49', '202010', 'ETP', 3),
('e49', '202010', 'KM', 372),
('e49', '202010', 'NUI', 6),
('e49', '202010', 'REP', 20),
('e49', '202011', 'ETP', 18),
('e49', '202011', 'KM', 451),
('e49', '202011', 'NUI', 16),
('e49', '202011', 'REP', 10),
('e49', '202012', 'ETP', 20),
('e49', '202012', 'KM', 406),
('e49', '202012', 'NUI', 7),
('e49', '202012', 'REP', 11),
('e49', '202101', 'ETP', 10),
('e49', '202101', 'KM', 316),
('e49', '202101', 'NUI', 5),
('e49', '202101', 'REP', 8),
('e49', '202102', 'ETP', 19),
('e49', '202102', 'KM', 599),
('e49', '202102', 'NUI', 19),
('e49', '202102', 'REP', 12),
('e49', '202103', 'ETP', 10),
('e49', '202103', 'KM', 854),
('e49', '202103', 'NUI', 9),
('e49', '202103', 'REP', 15),
('e49', '202104', 'ETP', 12),
('e49', '202104', 'KM', 683),
('e49', '202104', 'NUI', 14),
('e49', '202104', 'REP', 5),
('e49', '202105', 'ETP', 9),
('e49', '202105', 'KM', 531),
('e49', '202105', 'NUI', 4),
('e49', '202105', 'REP', 9),
('e49', '202106', 'ETP', 5),
('e49', '202106', 'KM', 468),
('e49', '202106', 'NUI', 9),
('e49', '202106', 'REP', 3),
('e49', '202107', 'ETP', 16),
('e49', '202107', 'KM', 792),
('e49', '202107', 'NUI', 10),
('e49', '202107', 'REP', 7),
('e49', '202108', 'ETP', 7),
('e49', '202108', 'KM', 384),
('e49', '202108', 'NUI', 13),
('e49', '202108', 'REP', 18),
('e49', '202109', 'ETP', 13),
('e49', '202109', 'KM', 829),
('e49', '202109', 'NUI', 5),
('e49', '202109', 'REP', 15),
('e5', '202009', 'ETP', 6),
('e5', '202009', 'KM', 301),
('e5', '202009', 'NUI', 4),
('e5', '202009', 'REP', 12),
('e5', '202010', 'ETP', 3),
('e5', '202010', 'KM', 690),
('e5', '202010', 'NUI', 7),
('e5', '202010', 'REP', 3),
('e5', '202011', 'ETP', 8),
('e5', '202011', 'KM', 553),
('e5', '202011', 'NUI', 18),
('e5', '202011', 'REP', 3),
('e5', '202012', 'ETP', 19),
('e5', '202012', 'KM', 909),
('e5', '202012', 'NUI', 8),
('e5', '202012', 'REP', 9),
('e5', '202101', 'ETP', 5),
('e5', '202101', 'KM', 489),
('e5', '202101', 'NUI', 12),
('e5', '202101', 'REP', 12),
('e5', '202102', 'ETP', 5),
('e5', '202102', 'KM', 519),
('e5', '202102', 'NUI', 3),
('e5', '202102', 'REP', 7),
('e5', '202103', 'ETP', 14),
('e5', '202103', 'KM', 435),
('e5', '202103', 'NUI', 10),
('e5', '202103', 'REP', 18),
('e5', '202104', 'ETP', 11),
('e5', '202104', 'KM', 526),
('e5', '202104', 'NUI', 3),
('e5', '202104', 'REP', 16),
('e5', '202105', 'ETP', 10),
('e5', '202105', 'KM', 902),
('e5', '202105', 'NUI', 8),
('e5', '202105', 'REP', 7),
('e5', '202106', 'ETP', 12),
('e5', '202106', 'KM', 727),
('e5', '202106', 'NUI', 18),
('e5', '202106', 'REP', 16),
('e5', '202107', 'ETP', 2),
('e5', '202107', 'KM', 996),
('e5', '202107', 'NUI', 20),
('e5', '202107', 'REP', 3),
('e5', '202108', 'ETP', 19),
('e5', '202108', 'KM', 604),
('e5', '202108', 'NUI', 11),
('e5', '202108', 'REP', 11),
('e5', '202109', 'ETP', 8),
('e5', '202109', 'KM', 367),
('e5', '202109', 'NUI', 13),
('e5', '202109', 'REP', 17),
('e52', '202009', 'ETP', 19),
('e52', '202009', 'KM', 947),
('e52', '202009', 'NUI', 18),
('e52', '202009', 'REP', 12),
('e52', '202010', 'ETP', 10),
('e52', '202010', 'KM', 422),
('e52', '202010', 'NUI', 10),
('e52', '202010', 'REP', 9),
('e52', '202011', 'ETP', 14),
('e52', '202011', 'KM', 962),
('e52', '202011', 'NUI', 20),
('e52', '202011', 'REP', 9),
('e52', '202012', 'ETP', 9),
('e52', '202012', 'KM', 499),
('e52', '202012', 'NUI', 20),
('e52', '202012', 'REP', 18),
('e52', '202101', 'ETP', 12),
('e52', '202101', 'KM', 845),
('e52', '202101', 'NUI', 11),
('e52', '202101', 'REP', 14),
('e52', '202102', 'ETP', 16),
('e52', '202102', 'KM', 400),
('e52', '202102', 'NUI', 14),
('e52', '202102', 'REP', 4),
('e52', '202103', 'ETP', 6),
('e52', '202103', 'KM', 844),
('e52', '202103', 'NUI', 4),
('e52', '202103', 'REP', 20),
('e52', '202104', 'ETP', 10),
('e52', '202104', 'KM', 658),
('e52', '202104', 'NUI', 4),
('e52', '202104', 'REP', 5),
('e52', '202105', 'ETP', 10),
('e52', '202105', 'KM', 493),
('e52', '202105', 'NUI', 19),
('e52', '202105', 'REP', 15),
('e52', '202106', 'ETP', 12),
('e52', '202106', 'KM', 340),
('e52', '202106', 'NUI', 15),
('e52', '202106', 'REP', 2),
('e52', '202107', 'ETP', 18),
('e52', '202107', 'KM', 300),
('e52', '202107', 'NUI', 6),
('e52', '202107', 'REP', 13),
('e52', '202108', 'ETP', 6),
('e52', '202108', 'KM', 790),
('e52', '202108', 'NUI', 9),
('e52', '202108', 'REP', 5),
('e52', '202109', 'ETP', 8),
('e52', '202109', 'KM', 516),
('e52', '202109', 'NUI', 14),
('e52', '202109', 'REP', 19),
('f21', '202009', 'ETP', 19),
('f21', '202009', 'KM', 771),
('f21', '202009', 'NUI', 18),
('f21', '202009', 'REP', 13),
('f21', '202010', 'ETP', 16),
('f21', '202010', 'KM', 369),
('f21', '202010', 'NUI', 2),
('f21', '202010', 'REP', 12),
('f21', '202011', 'ETP', 19),
('f21', '202011', 'KM', 473),
('f21', '202011', 'NUI', 9),
('f21', '202011', 'REP', 17),
('f21', '202012', 'ETP', 20),
('f21', '202012', 'KM', 598),
('f21', '202012', 'NUI', 10),
('f21', '202012', 'REP', 5),
('f21', '202101', 'ETP', 16),
('f21', '202101', 'KM', 412),
('f21', '202101', 'NUI', 4),
('f21', '202101', 'REP', 5),
('f21', '202102', 'ETP', 13),
('f21', '202102', 'KM', 449),
('f21', '202102', 'NUI', 6),
('f21', '202102', 'REP', 5),
('f21', '202103', 'ETP', 19),
('f21', '202103', 'KM', 568),
('f21', '202103', 'NUI', 6),
('f21', '202103', 'REP', 14),
('f21', '202104', 'ETP', 4),
('f21', '202104', 'KM', 606),
('f21', '202104', 'NUI', 19),
('f21', '202104', 'REP', 17),
('f21', '202105', 'ETP', 2),
('f21', '202105', 'KM', 962),
('f21', '202105', 'NUI', 9),
('f21', '202105', 'REP', 12),
('f21', '202106', 'ETP', 10),
('f21', '202106', 'KM', 461),
('f21', '202106', 'NUI', 11),
('f21', '202106', 'REP', 2),
('f21', '202107', 'ETP', 19),
('f21', '202107', 'KM', 425),
('f21', '202107', 'NUI', 7),
('f21', '202107', 'REP', 5),
('f21', '202108', 'ETP', 2),
('f21', '202108', 'KM', 459),
('f21', '202108', 'NUI', 19),
('f21', '202108', 'REP', 18),
('f21', '202109', 'ETP', 14),
('f21', '202109', 'KM', 360),
('f21', '202109', 'NUI', 5),
('f21', '202109', 'REP', 7),
('f39', '202009', 'ETP', 11),
('f39', '202009', 'KM', 315),
('f39', '202009', 'NUI', 10),
('f39', '202009', 'REP', 13),
('f39', '202010', 'ETP', 19),
('f39', '202010', 'KM', 941),
('f39', '202010', 'NUI', 12),
('f39', '202010', 'REP', 7),
('f39', '202011', 'ETP', 4),
('f39', '202011', 'KM', 984),
('f39', '202011', 'NUI', 16),
('f39', '202011', 'REP', 14),
('f39', '202012', 'ETP', 4),
('f39', '202012', 'KM', 928),
('f39', '202012', 'NUI', 4),
('f39', '202012', 'REP', 14),
('f39', '202101', 'ETP', 5),
('f39', '202101', 'KM', 638),
('f39', '202101', 'NUI', 8),
('f39', '202101', 'REP', 19),
('f39', '202102', 'ETP', 10),
('f39', '202102', 'KM', 674),
('f39', '202102', 'NUI', 15),
('f39', '202102', 'REP', 9),
('f39', '202103', 'ETP', 4),
('f39', '202103', 'KM', 337),
('f39', '202103', 'NUI', 16),
('f39', '202103', 'REP', 17),
('f39', '202104', 'ETP', 7),
('f39', '202104', 'KM', 337),
('f39', '202104', 'NUI', 13),
('f39', '202104', 'REP', 3),
('f39', '202105', 'ETP', 10),
('f39', '202105', 'KM', 416),
('f39', '202105', 'NUI', 4),
('f39', '202105', 'REP', 15),
('f39', '202106', 'ETP', 3),
('f39', '202106', 'KM', 634),
('f39', '202106', 'NUI', 5),
('f39', '202106', 'REP', 16),
('f39', '202107', 'ETP', 15),
('f39', '202107', 'KM', 836),
('f39', '202107', 'NUI', 2),
('f39', '202107', 'REP', 5),
('f39', '202108', 'ETP', 4),
('f39', '202108', 'KM', 823),
('f39', '202108', 'NUI', 7),
('f39', '202108', 'REP', 16),
('f39', '202109', 'ETP', 19),
('f39', '202109', 'KM', 701),
('f39', '202109', 'NUI', 17),
('f39', '202109', 'REP', 16),
('f4', '202009', 'ETP', 13),
('f4', '202009', 'KM', 376),
('f4', '202009', 'NUI', 2),
('f4', '202009', 'REP', 5),
('f4', '202010', 'ETP', 8),
('f4', '202010', 'KM', 904),
('f4', '202010', 'NUI', 7),
('f4', '202010', 'REP', 11),
('f4', '202011', 'ETP', 15),
('f4', '202011', 'KM', 671),
('f4', '202011', 'NUI', 11),
('f4', '202011', 'REP', 6),
('f4', '202012', 'ETP', 5),
('f4', '202012', 'KM', 587),
('f4', '202012', 'NUI', 3),
('f4', '202012', 'REP', 18),
('f4', '202101', 'ETP', 15),
('f4', '202101', 'KM', 948),
('f4', '202101', 'NUI', 9),
('f4', '202101', 'REP', 15),
('f4', '202102', 'ETP', 17),
('f4', '202102', 'KM', 521),
('f4', '202102', 'NUI', 4),
('f4', '202102', 'REP', 6),
('f4', '202103', 'ETP', 6),
('f4', '202103', 'KM', 687),
('f4', '202103', 'NUI', 9),
('f4', '202103', 'REP', 4),
('f4', '202104', 'ETP', 17),
('f4', '202104', 'KM', 661),
('f4', '202104', 'NUI', 13),
('f4', '202104', 'REP', 6),
('f4', '202105', 'ETP', 3),
('f4', '202105', 'KM', 381),
('f4', '202105', 'NUI', 17),
('f4', '202105', 'REP', 15),
('f4', '202106', 'ETP', 10),
('f4', '202106', 'KM', 480),
('f4', '202106', 'NUI', 8),
('f4', '202106', 'REP', 15),
('f4', '202107', 'ETP', 16),
('f4', '202107', 'KM', 556),
('f4', '202107', 'NUI', 15),
('f4', '202107', 'REP', 11),
('f4', '202108', 'ETP', 7),
('f4', '202108', 'KM', 847),
('f4', '202108', 'NUI', 7),
('f4', '202108', 'REP', 11),
('f4', '202109', 'ETP', 2),
('f4', '202109', 'KM', 322),
('f4', '202109', 'NUI', 2),
('f4', '202109', 'REP', 4);

-- --------------------------------------------------------

--
-- Structure de la table `lignefraishorsforfait`
--

DROP TABLE IF EXISTS `lignefraishorsforfait`;
CREATE TABLE IF NOT EXISTS `lignefraishorsforfait` (
  `id` int(11) NOT NULL AUTO_INCREMENT,
  `idvisiteur` char(4) NOT NULL,
  `mois` char(6) NOT NULL,
  `libelle` varchar(100) DEFAULT NULL,
  `date` date DEFAULT NULL,
  `montant` decimal(10,2) DEFAULT NULL,
  PRIMARY KEY (`id`),
  KEY `idvisiteur` (`idvisiteur`,`mois`)
) ENGINE=InnoDB AUTO_INCREMENT=1102 DEFAULT CHARSET=latin1;

--
-- Déchargement des données de la table `lignefraishorsforfait`
--

INSERT INTO `lignefraishorsforfait` (`id`, `idvisiteur`, `mois`, `libelle`, `date`, `montant`) VALUES
(1, 'a131', '202009', 'Achat de matériel de papèterie', '2020-09-09', '15.00'),
(2, 'a131', '202009', 'Location équipement vidéo/sonore', '2020-09-25', '720.00'),
(3, 'a131', '202009', 'Rémunération intervenant/spécialiste', '2020-09-03', '305.00'),
(4, 'a131', '202009', 'Voyage SNCF', '2020-09-18', '149.00'),
(5, 'a131', '202010', 'Taxi', '2020-10-26', '66.00'),
(6, 'a131', '202010', 'Traiteur, alimentation, boisson', '2020-10-26', '219.00'),
(7, 'a131', '202010', 'Location salle conférence', '2020-10-05', '346.00'),
(8, 'a131', '202010', 'Traiteur, alimentation, boisson', '2020-10-06', '120.00'),
(9, 'a131', '202010', 'Location équipement vidéo/sonore', '2020-10-11', '547.00'),
(10, 'a131', '202011', 'Frais vestimentaire/représentation', '2020-11-26', '402.00'),
(11, 'a131', '202011', 'Frais vestimentaire/représentation', '2020-11-14', '312.00'),
(12, 'a131', '202011', 'Frais vestimentaire/représentation', '2020-11-17', '305.00'),
(13, 'a131', '202011', 'Voyage SNCF', '2020-11-06', '56.00'),
(14, 'a131', '202011', 'Location équipement vidéo/sonore', '2020-11-17', '279.00'),
(15, 'a131', '202012', 'Achat de matériel de papèterie', '2020-12-05', '40.00'),
(16, 'a131', '202012', 'Taxi', '2020-12-04', '24.00'),
(17, 'a131', '202012', 'Taxi', '2020-12-07', '42.00'),
(18, 'a131', '202101', 'Location véhicule', '2021-01-22', '284.00'),
(19, 'a131', '202101', 'Repas avec praticien', '2021-01-11', '43.00'),
(20, 'a131', '202102', 'Location salle conférence', '2021-02-27', '239.00'),
(21, 'a131', '202102', 'Location salle conférence', '2021-02-04', '435.00'),
(22, 'a131', '202102', 'Traiteur, alimentation, boisson', '2021-02-20', '49.00'),
(23, 'a131', '202102', 'Location véhicule', '2021-02-09', '44.00'),
(24, 'a131', '202102', 'Achat de matériel de papèterie', '2021-02-03', '26.00'),
(25, 'a131', '202103', 'Voyage SNCF', '2021-03-27', '96.00'),
(26, 'a131', '202103', 'Traiteur, alimentation, boisson', '2021-03-06', '371.00'),
(27, 'a131', '202103', 'Achat de matériel de papèterie', '2021-03-18', '16.00'),
(28, 'a131', '202104', 'Taxi', '2021-04-11', '65.00'),
(29, 'a131', '202105', 'Achat de matériel de papèterie', '2021-05-08', '32.00'),
(30, 'a131', '202106', 'Frais vestimentaire/représentation', '2021-06-22', '79.00'),
(31, 'a131', '202106', 'Location véhicule', '2021-06-25', '397.00'),
(32, 'a131', '202106', 'Voyage SNCF', '2021-06-27', '146.00'),
(33, 'a131', '202106', 'Achat de matériel de papèterie', '2021-06-11', '31.00'),
(34, 'a131', '202106', 'Taxi', '2021-06-12', '66.00'),
(35, 'a131', '202107', 'Location équipement vidéo/sonore', '2021-07-06', '178.00'),
(36, 'a131', '202107', 'Taxi', '2021-07-12', '67.00'),
(37, 'a131', '202107', 'Location équipement vidéo/sonore', '2021-07-27', '592.00'),
(38, 'a131', '202107', 'Traiteur, alimentation, boisson', '2021-07-09', '108.00'),
(39, 'a131', '202107', 'Frais vestimentaire/représentation', '2021-07-25', '185.00'),
(40, 'a131', '202108', 'Achat de matériel de papèterie', '2021-08-02', '41.00'),
(41, 'a131', '202108', 'Achat de matériel de papèterie', '2021-08-26', '40.00'),
(42, 'a131', '202108', 'Rémunération intervenant/spécialiste', '2021-08-15', '380.00'),
(43, 'a131', '202108', 'Traiteur, alimentation, boisson', '2021-08-11', '438.00'),
(44, 'a131', '202108', 'Frais vestimentaire/représentation', '2021-08-08', '445.00'),
(45, 'a131', '202109', 'Voyage SNCF', '2021-09-07', '137.00'),
(46, 'a131', '202109', 'Frais vestimentaire/représentation', '2021-09-20', '41.00'),
(47, 'a131', '202109', 'Achat de matériel de papèterie', '2021-09-17', '36.00'),
(48, 'a131', '202109', 'Repas avec praticien', '2021-09-24', '43.00'),
(49, 'a131', '202109', 'Repas avec praticien', '2021-09-05', '42.00'),
(50, 'a131', '202110', 'Taxi', '2021-10-06', '57.00'),
(51, 'a131', '202110', 'Frais vestimentaire/représentation', '2021-10-06', '424.00'),
(52, 'a17', '202009', 'Rémunération intervenant/spécialiste', '2020-09-05', '284.00'),
(53, 'a17', '202009', 'Repas avec praticien', '2020-09-20', '46.00'),
(54, 'a17', '202009', 'Location équipement vidéo/sonore', '2020-09-15', '146.00'),
(55, 'a17', '202010', 'Achat de matériel de papèterie', '2020-10-25', '27.00'),
(56, 'a17', '202011', 'Taxi', '2020-11-22', '77.00'),
(57, 'a17', '202011', 'Location équipement vidéo/sonore', '2020-11-17', '771.00'),
(58, 'a17', '202012', 'Taxi', '2020-12-11', '35.00'),
(59, 'a17', '202012', 'Repas avec praticien', '2020-12-17', '39.00'),
(60, 'a17', '202012', 'Location équipement vidéo/sonore', '2020-12-06', '601.00'),
(61, 'a17', '202012', 'Rémunération intervenant/spécialiste', '2020-12-09', '836.00'),
(62, 'a17', '202101', 'Traiteur, alimentation, boisson', '2021-01-07', '419.00'),
(63, 'a17', '202101', 'Frais vestimentaire/représentation', '2021-01-23', '280.00'),
(64, 'a17', '202101', 'Taxi', '2021-01-26', '33.00'),
(65, 'a17', '202101', 'Location équipement vidéo/sonore', '2021-01-15', '838.00'),
(66, 'a17', '202102', 'Voyage SNCF', '2021-02-12', '138.00'),
(67, 'a17', '202102', 'Location salle conférence', '2021-02-20', '424.00'),
(68, 'a17', '202102', 'Frais vestimentaire/représentation', '2021-02-07', '303.00'),
(69, 'a17', '202102', 'Traiteur, alimentation, boisson', '2021-02-16', '89.00'),
(70, 'a17', '202102', 'Taxi', '2021-02-04', '78.00'),
(71, 'a17', '202102', 'Traiteur, alimentation, boisson', '2021-02-12', '436.00'),
(72, 'a17', '202103', 'Repas avec praticien', '2021-03-06', '47.00'),
(73, 'a17', '202104', 'Repas avec praticien', '2021-04-27', '44.00'),
(74, 'a17', '202104', 'Location équipement vidéo/sonore', '2021-04-21', '634.00'),
(75, 'a17', '202104', 'Rémunération intervenant/spécialiste', '2021-04-11', '991.00'),
(76, 'a17', '202104', 'Repas avec praticien', '2021-04-24', '50.00'),
(77, 'a17', '202104', 'Traiteur, alimentation, boisson', '2021-04-20', '346.00'),
(78, 'a17', '202105', 'Taxi', '2021-05-25', '45.00'),
(79, 'a17', '202105', 'Rémunération intervenant/spécialiste', '2021-05-23', '1185.00'),
(80, 'a17', '202105', 'Repas avec praticien', '2021-05-18', '46.00'),
(81, 'a17', '202105', 'Frais vestimentaire/représentation', '2021-05-11', '193.00'),
(82, 'a17', '202105', 'Location véhicule', '2021-05-08', '134.00'),
(83, 'a17', '202105', 'Rémunération intervenant/spécialiste', '2021-05-23', '1101.00'),
(84, 'a17', '202106', 'Taxi', '2021-06-17', '27.00'),
(85, 'a17', '202106', 'Location salle conférence', '2021-06-22', '264.00'),
(86, 'a17', '202106', 'Repas avec praticien', '2021-06-05', '32.00'),
(87, 'a17', '202106', 'Rémunération intervenant/spécialiste', '2021-06-02', '449.00'),
(88, 'a17', '202106', 'Voyage SNCF', '2021-06-04', '112.00'),
(89, 'a17', '202107', 'Location équipement vidéo/sonore', '2021-07-23', '461.00'),
(90, 'a17', '202107', 'Location véhicule', '2021-07-13', '176.00'),
(91, 'a17', '202107', 'Achat de matériel de papèterie', '2021-07-20', '48.00'),
(92, 'a17', '202107', 'Repas avec praticien', '2021-07-07', '34.00'),
(93, 'a17', '202108', 'Location équipement vidéo/sonore', '2021-08-14', '392.00'),
(94, 'a17', '202108', 'Location salle conférence', '2021-08-01', '316.00'),
(95, 'a17', '202108', 'Rémunération intervenant/spécialiste', '2021-08-16', '616.00'),
(96, 'a17', '202108', 'Voyage SNCF', '2021-08-07', '129.00'),
(97, 'a17', '202108', 'Taxi', '2021-08-10', '53.00'),
(98, 'a17', '202109', 'Taxi', '2021-09-22', '38.00'),
(99, 'a17', '202109', 'Rémunération intervenant/spécialiste', '2021-09-05', '280.00'),
(100, 'a17', '202109', 'Location équipement vidéo/sonore', '2021-09-28', '193.00'),
(101, 'a17', '202109', 'Location équipement vidéo/sonore', '2021-09-23', '528.00'),
(102, 'a55', '202009', 'Location salle conférence', '2020-09-03', '202.00'),
(103, 'a55', '202009', 'Location salle conférence', '2020-09-10', '513.00'),
(104, 'a55', '202009', 'Location véhicule', '2020-09-10', '184.00'),
(105, 'a55', '202009', 'Traiteur, alimentation, boisson', '2020-09-13', '71.00'),
(106, 'a55', '202009', 'Location salle conférence', '2020-09-26', '488.00'),
(107, 'a55', '202009', 'Traiteur, alimentation, boisson', '2020-09-07', '99.00'),
(108, 'a55', '202010', 'Location équipement vidéo/sonore', '2020-10-25', '662.00'),
(109, 'a55', '202010', 'Repas avec praticien', '2020-10-24', '32.00'),
(110, 'a55', '202010', 'Location salle conférence', '2020-10-23', '507.00'),
(111, 'a55', '202010', 'Achat de matériel de papèterie', '2020-10-24', '34.00'),
(112, 'a55', '202011', 'Frais vestimentaire/représentation', '2020-11-11', '35.00'),
(113, 'a55', '202012', 'Repas avec praticien', '2020-12-13', '32.00'),
(114, 'a55', '202101', 'Location salle conférence', '2021-01-01', '578.00'),
(115, 'a55', '202101', 'Voyage SNCF', '2021-01-24', '138.00'),
(116, 'a55', '202101', 'Location véhicule', '2021-01-09', '67.00'),
(117, 'a55', '202101', 'Location équipement vidéo/sonore', '2021-01-08', '638.00'),
(118, 'a55', '202101', 'Rémunération intervenant/spécialiste', '2021-01-01', '451.00'),
(119, 'a55', '202102', 'Taxi', '2021-02-19', '24.00'),
(120, 'a55', '202102', 'Rémunération intervenant/spécialiste', '2021-02-19', '1128.00'),
(121, 'a55', '202102', 'Traiteur, alimentation, boisson', '2021-02-17', '227.00'),
(122, 'a55', '202102', 'Repas avec praticien', '2021-02-14', '39.00'),
(123, 'a55', '202103', 'Traiteur, alimentation, boisson', '2021-03-17', '431.00'),
(124, 'a55', '202103', 'Rémunération intervenant/spécialiste', '2021-03-26', '276.00'),
(125, 'a55', '202103', 'Rémunération intervenant/spécialiste', '2021-03-07', '887.00'),
(126, 'a55', '202103', 'Achat de matériel de papèterie', '2021-03-23', '33.00'),
(127, 'a55', '202104', 'Location véhicule', '2021-04-21', '416.00'),
(128, 'a55', '202104', 'Rémunération intervenant/spécialiste', '2021-04-18', '1108.00'),
(129, 'a55', '202104', 'Taxi', '2021-04-27', '45.00'),
(130, 'a55', '202104', 'Traiteur, alimentation, boisson', '2021-04-01', '144.00'),
(131, 'a55', '202105', 'Repas avec praticien', '2021-05-24', '38.00'),
(132, 'a55', '202105', 'Location véhicule', '2021-05-11', '38.00'),
(133, 'a55', '202105', 'Repas avec praticien', '2021-05-08', '43.00'),
(134, 'a55', '202105', 'Traiteur, alimentation, boisson', '2021-05-27', '410.00'),
(135, 'a55', '202105', 'Voyage SNCF', '2021-05-20', '127.00'),
(136, 'a55', '202105', 'Location salle conférence', '2021-05-13', '571.00'),
(137, 'a55', '202106', 'Location salle conférence', '2021-06-09', '183.00'),
(138, 'a55', '202106', 'Achat de matériel de papèterie', '2021-06-22', '12.00'),
(139, 'a55', '202106', 'Location équipement vidéo/sonore', '2021-06-23', '194.00'),
(140, 'a55', '202106', 'Repas avec praticien', '2021-06-04', '31.00'),
(141, 'a55', '202106', 'Taxi', '2021-06-23', '78.00'),
(142, 'a55', '202106', 'Achat de matériel de papèterie', '2021-06-20', '24.00'),
(143, 'a55', '202107', 'Taxi', '2021-07-09', '21.00'),
(144, 'a55', '202107', 'Repas avec praticien', '2021-07-19', '31.00'),
(145, 'a55', '202107', 'Location salle conférence', '2021-07-16', '547.00'),
(146, 'a55', '202107', 'Location véhicule', '2021-07-22', '182.00'),
(147, 'a55', '202107', 'Achat de matériel de papèterie', '2021-07-01', '23.00'),
(148, 'a55', '202108', 'Traiteur, alimentation, boisson', '2021-08-21', '254.00'),
(149, 'a55', '202108', 'Voyage SNCF', '2021-08-02', '101.00'),
(150, 'a55', '202108', 'Repas avec praticien', '2021-08-20', '49.00'),
(151, 'a55', '202108', 'Traiteur, alimentation, boisson', '2021-08-27', '206.00'),
(152, 'a55', '202108', 'Location véhicule', '2021-08-14', '48.00'),
(153, 'a55', '202108', 'Rémunération intervenant/spécialiste', '2021-08-13', '347.00'),
(154, 'a55', '202109', 'Voyage SNCF', '2021-09-09', '54.00'),
(155, 'a55', '202109', 'Frais vestimentaire/représentation', '2021-09-04', '385.00'),
(156, 'a93', '202009', 'Location équipement vidéo/sonore', '2020-09-02', '283.00'),
(157, 'a93', '202009', 'Traiteur, alimentation, boisson', '2020-09-21', '151.00'),
(158, 'a93', '202010', 'Location équipement vidéo/sonore', '2020-10-15', '227.00'),
(159, 'a93', '202010', 'Location équipement vidéo/sonore', '2020-10-04', '728.00'),
(160, 'a93', '202010', 'Rémunération intervenant/spécialiste', '2020-10-02', '893.00'),
(161, 'a93', '202010', 'Location salle conférence', '2020-10-12', '215.00'),
(162, 'a93', '202011', 'Taxi', '2020-11-26', '77.00'),
(163, 'a93', '202011', 'Achat de matériel de papèterie', '2020-11-09', '11.00'),
(164, 'a93', '202011', 'Location équipement vidéo/sonore', '2020-11-13', '811.00'),
(165, 'a93', '202011', 'Location véhicule', '2020-11-17', '307.00'),
(166, 'a93', '202011', 'Frais vestimentaire/représentation', '2020-11-26', '295.00'),
(167, 'a93', '202012', 'Location salle conférence', '2020-12-22', '515.00'),
(168, 'a93', '202012', 'Voyage SNCF', '2020-12-19', '92.00'),
(169, 'a93', '202012', 'Location véhicule', '2020-12-22', '40.00'),
(170, 'a93', '202012', 'Achat de matériel de papèterie', '2020-12-24', '10.00'),
(171, 'a93', '202012', 'Voyage SNCF', '2020-12-21', '88.00'),
(172, 'a93', '202101', 'Frais vestimentaire/représentation', '2021-01-15', '254.00'),
(173, 'a93', '202102', 'Location salle conférence', '2021-02-24', '569.00'),
(174, 'a93', '202103', 'Frais vestimentaire/représentation', '2021-03-28', '383.00'),
(175, 'a93', '202103', 'Location salle conférence', '2021-03-02', '295.00'),
(176, 'a93', '202103', 'Location salle conférence', '2021-03-11', '607.00'),
(177, 'a93', '202103', 'Taxi', '2021-03-12', '34.00'),
(178, 'a93', '202103', 'Voyage SNCF', '2021-03-05', '115.00'),
(179, 'a93', '202104', 'Voyage SNCF', '2021-04-27', '72.00'),
(180, 'a93', '202104', 'Frais vestimentaire/représentation', '2021-04-20', '317.00'),
(181, 'a93', '202104', 'Location véhicule', '2021-04-17', '399.00'),
(182, 'a93', '202104', 'Voyage SNCF', '2021-04-16', '56.00'),
(183, 'a93', '202105', 'Location équipement vidéo/sonore', '2021-05-01', '139.00'),
(184, 'a93', '202105', 'Voyage SNCF', '2021-05-16', '58.00'),
(185, 'a93', '202105', 'Location salle conférence', '2021-05-11', '407.00'),
(186, 'a93', '202105', 'Rémunération intervenant/spécialiste', '2021-05-06', '1099.00'),
(187, 'a93', '202105', 'Voyage SNCF', '2021-05-17', '34.00'),
(188, 'a93', '202106', 'Location véhicule', '2021-06-28', '338.00'),
(189, 'a93', '202106', 'Location salle conférence', '2021-06-11', '163.00'),
(190, 'a93', '202106', 'Location véhicule', '2021-06-28', '394.00'),
(191, 'a93', '202106', 'Voyage SNCF', '2021-06-03', '103.00'),
(192, 'a93', '202106', 'Location véhicule', '2021-06-20', '26.00'),
(193, 'a93', '202106', 'Frais vestimentaire/représentation', '2021-06-10', '241.00'),
(194, 'a93', '202107', 'Location salle conférence', '2021-07-13', '202.00'),
(195, 'a93', '202107', 'Location véhicule', '2021-07-01', '279.00'),
(196, 'a93', '202107', 'Location véhicule', '2021-07-14', '122.00'),
(197, 'a93', '202107', 'Repas avec praticien', '2021-07-01', '39.00'),
(198, 'a93', '202107', 'Location véhicule', '2021-07-22', '394.00'),
(199, 'a93', '202108', 'Taxi', '2021-08-04', '76.00'),
(200, 'a93', '202108', 'Location équipement vidéo/sonore', '2021-08-25', '590.00'),
(201, 'a93', '202108', 'Repas avec praticien', '2021-08-12', '49.00'),
(202, 'a93', '202109', 'Taxi', '2021-09-27', '59.00'),
(203, 'b13', '202009', 'Voyage SNCF', '2020-09-27', '149.00'),
(204, 'b13', '202009', 'Repas avec praticien', '2020-09-23', '35.00'),
(205, 'b13', '202009', 'Location salle conférence', '2020-09-25', '466.00'),
(206, 'b13', '202009', 'Voyage SNCF', '2020-09-23', '117.00'),
(207, 'b13', '202010', 'Location salle conférence', '2020-10-25', '446.00'),
(208, 'b13', '202010', 'Taxi', '2020-10-16', '20.00'),
(209, 'b13', '202010', 'Voyage SNCF', '2020-10-23', '37.00'),
(210, 'b13', '202010', 'Repas avec praticien', '2020-10-09', '48.00'),
(211, 'b13', '202010', 'Location véhicule', '2020-10-17', '350.00'),
(212, 'b13', '202011', 'Frais vestimentaire/représentation', '2020-11-16', '135.00'),
(213, 'b13', '202011', 'Location salle conférence', '2020-11-27', '635.00'),
(214, 'b13', '202011', 'Location équipement vidéo/sonore', '2020-11-15', '261.00'),
(215, 'b13', '202011', 'Traiteur, alimentation, boisson', '2020-11-27', '371.00'),
(216, 'b13', '202012', 'Taxi', '2020-12-10', '72.00'),
(217, 'b13', '202012', 'Location équipement vidéo/sonore', '2020-12-10', '812.00'),
(218, 'b13', '202012', 'Repas avec praticien', '2020-12-14', '43.00'),
(219, 'b13', '202101', 'Repas avec praticien', '2021-01-15', '46.00'),
(220, 'b13', '202101', 'Location équipement vidéo/sonore', '2021-01-15', '787.00'),
(221, 'b13', '202101', 'Traiteur, alimentation, boisson', '2021-01-06', '328.00'),
(222, 'b13', '202102', 'Rémunération intervenant/spécialiste', '2021-02-13', '266.00'),
(223, 'b13', '202102', 'Traiteur, alimentation, boisson', '2021-02-07', '132.00'),
(224, 'b13', '202102', 'Frais vestimentaire/représentation', '2021-02-18', '189.00'),
(225, 'b13', '202102', 'Taxi', '2021-02-22', '64.00'),
(226, 'b13', '202102', 'Achat de matériel de papèterie', '2021-02-16', '29.00'),
(227, 'b13', '202103', 'Location équipement vidéo/sonore', '2021-03-19', '676.00'),
(228, 'b13', '202104', 'Location équipement vidéo/sonore', '2021-04-05', '410.00'),
(229, 'b13', '202104', 'Frais vestimentaire/représentation', '2021-04-04', '257.00'),
(230, 'b13', '202104', 'Location véhicule', '2021-04-03', '171.00'),
(231, 'b13', '202104', 'Traiteur, alimentation, boisson', '2021-04-25', '212.00'),
(232, 'b13', '202105', 'Location équipement vidéo/sonore', '2021-05-26', '554.00'),
(233, 'b13', '202105', 'Taxi', '2021-05-22', '79.00'),
(234, 'b13', '202106', 'Voyage SNCF', '2021-06-22', '124.00'),
(235, 'b13', '202106', 'Frais vestimentaire/représentation', '2021-06-21', '60.00'),
(236, 'b13', '202107', 'Achat de matériel de papèterie', '2021-07-22', '38.00'),
(237, 'b13', '202107', 'Achat de matériel de papèterie', '2021-07-06', '39.00'),
(238, 'b13', '202107', 'Location salle conférence', '2021-07-12', '534.00'),
(239, 'b13', '202107', 'Traiteur, alimentation, boisson', '2021-07-19', '235.00'),
(240, 'b13', '202108', 'Location salle conférence', '2021-08-12', '626.00'),
(241, 'b13', '202108', 'Location salle conférence', '2021-08-06', '359.00'),
(242, 'b13', '202108', 'Traiteur, alimentation, boisson', '2021-08-27', '378.00'),
(243, 'b13', '202108', 'Achat de matériel de papèterie', '2021-08-18', '50.00'),
(244, 'b13', '202109', 'Frais vestimentaire/représentation', '2021-09-25', '213.00'),
(245, 'b13', '202109', 'Repas avec praticien', '2021-09-05', '42.00'),
(246, 'b13', '202109', 'Repas avec praticien', '2021-09-06', '35.00'),
(247, 'b13', '202109', 'Location salle conférence', '2021-09-27', '607.00'),
(248, 'b16', '202009', 'Rémunération intervenant/spécialiste', '2020-09-22', '498.00'),
(249, 'b16', '202009', 'Location véhicule', '2020-09-26', '438.00'),
(250, 'b16', '202009', 'Location véhicule', '2020-09-23', '410.00'),
(251, 'b16', '202009', 'Frais vestimentaire/représentation', '2020-09-19', '254.00'),
(252, 'b16', '202010', 'Traiteur, alimentation, boisson', '2020-10-24', '128.00'),
(253, 'b16', '202011', 'Traiteur, alimentation, boisson', '2020-11-26', '169.00'),
(254, 'b16', '202012', 'Location véhicule', '2020-12-03', '416.00'),
(255, 'b16', '202012', 'Achat de matériel de papèterie', '2020-12-16', '10.00'),
(256, 'b16', '202012', 'Frais vestimentaire/représentation', '2020-12-27', '425.00'),
(257, 'b16', '202012', 'Rémunération intervenant/spécialiste', '2020-12-02', '984.00'),
(258, 'b16', '202012', 'Rémunération intervenant/spécialiste', '2020-12-19', '546.00'),
(259, 'b16', '202101', 'Location équipement vidéo/sonore', '2021-01-15', '645.00'),
(260, 'b16', '202102', 'Voyage SNCF', '2021-02-24', '71.00'),
(261, 'b16', '202103', 'Location véhicule', '2021-03-02', '279.00'),
(262, 'b16', '202104', 'Frais vestimentaire/représentation', '2021-04-11', '356.00'),
(263, 'b16', '202104', 'Repas avec praticien', '2021-04-02', '31.00'),
(264, 'b16', '202104', 'Rémunération intervenant/spécialiste', '2021-04-26', '1130.00'),
(265, 'b16', '202104', 'Voyage SNCF', '2021-04-25', '94.00'),
(266, 'b16', '202104', 'Voyage SNCF', '2021-04-01', '125.00'),
(267, 'b16', '202105', 'Repas avec praticien', '2021-05-20', '47.00'),
(268, 'b16', '202106', 'Repas avec praticien', '2021-06-12', '47.00'),
(269, 'b16', '202106', 'Frais vestimentaire/représentation', '2021-06-21', '178.00'),
(270, 'b16', '202106', 'Location véhicule', '2021-06-11', '185.00'),
(271, 'b16', '202106', 'Achat de matériel de papèterie', '2021-06-13', '17.00'),
(272, 'b16', '202107', 'Repas avec praticien', '2021-07-05', '37.00'),
(273, 'b16', '202107', 'Achat de matériel de papèterie', '2021-07-22', '41.00'),
(274, 'b16', '202108', 'Achat de matériel de papèterie', '2021-08-01', '18.00'),
(275, 'b16', '202109', 'Taxi', '2021-09-19', '45.00'),
(276, 'b16', '202109', 'Achat de matériel de papèterie', '2021-09-26', '18.00'),
(277, 'b16', '202109', 'Location véhicule', '2021-09-03', '80.00'),
(278, 'b16', '202109', 'Taxi', '2021-09-15', '24.00'),
(279, 'b19', '202009', 'Repas avec praticien', '2020-09-26', '35.00'),
(280, 'b19', '202009', 'Rémunération intervenant/spécialiste', '2020-09-04', '1032.00'),
(281, 'b19', '202009', 'Repas avec praticien', '2020-09-03', '36.00'),
(282, 'b19', '202009', 'Taxi', '2020-09-08', '35.00'),
(283, 'b19', '202009', 'Achat de matériel de papèterie', '2020-09-09', '21.00'),
(284, 'b19', '202010', 'Rémunération intervenant/spécialiste', '2020-10-28', '659.00'),
(285, 'b19', '202010', 'Frais vestimentaire/représentation', '2020-10-07', '447.00'),
(286, 'b19', '202011', 'Frais vestimentaire/représentation', '2020-11-13', '184.00'),
(287, 'b19', '202011', 'Rémunération intervenant/spécialiste', '2020-11-01', '1192.00'),
(288, 'b19', '202011', 'Taxi', '2020-11-27', '64.00'),
(289, 'b19', '202011', 'Frais vestimentaire/représentation', '2020-11-13', '392.00'),
(290, 'b19', '202011', 'Voyage SNCF', '2020-11-22', '61.00'),
(291, 'b19', '202011', 'Location salle conférence', '2020-11-20', '140.00'),
(292, 'b19', '202012', 'Location véhicule', '2020-12-13', '210.00'),
(293, 'b19', '202012', 'Voyage SNCF', '2020-12-11', '55.00'),
(294, 'b19', '202012', 'Location salle conférence', '2020-12-24', '374.00'),
(295, 'b19', '202012', 'Frais vestimentaire/représentation', '2020-12-23', '382.00'),
(296, 'b19', '202012', 'Location salle conférence', '2020-12-21', '598.00'),
(297, 'b19', '202101', 'Location salle conférence', '2021-01-18', '610.00'),
(298, 'b19', '202102', 'Location équipement vidéo/sonore', '2021-02-04', '847.00'),
(299, 'b19', '202102', 'Frais vestimentaire/représentation', '2021-02-23', '254.00'),
(300, 'b19', '202102', 'Repas avec praticien', '2021-02-19', '46.00'),
(301, 'b19', '202102', 'Location équipement vidéo/sonore', '2021-02-21', '128.00'),
(302, 'b19', '202102', 'Location salle conférence', '2021-02-14', '308.00'),
(303, 'b19', '202103', 'Achat de matériel de papèterie', '2021-03-24', '47.00'),
(304, 'b19', '202103', 'Voyage SNCF', '2021-03-26', '117.00'),
(305, 'b19', '202104', 'Taxi', '2021-04-22', '70.00'),
(306, 'b19', '202104', 'Location salle conférence', '2021-04-10', '189.00'),
(307, 'b19', '202104', 'Location équipement vidéo/sonore', '2021-04-22', '382.00'),
(308, 'b19', '202104', 'Voyage SNCF', '2021-04-17', '79.00'),
(309, 'b19', '202105', 'Location salle conférence', '2021-05-28', '451.00'),
(310, 'b19', '202106', 'Traiteur, alimentation, boisson', '2021-06-22', '99.00'),
(311, 'b19', '202106', 'Location équipement vidéo/sonore', '2021-06-19', '544.00'),
(312, 'b19', '202106', 'Rémunération intervenant/spécialiste', '2021-06-23', '322.00'),
(313, 'b19', '202106', 'Repas avec praticien', '2021-06-04', '40.00'),
(314, 'b19', '202107', 'Taxi', '2021-07-22', '64.00'),
(315, 'b19', '202107', 'Frais vestimentaire/représentation', '2021-07-13', '43.00'),
(316, 'b19', '202107', 'Achat de matériel de papèterie', '2021-07-03', '29.00'),
(317, 'b19', '202107', 'Location salle conférence', '2021-07-04', '567.00'),
(318, 'b19', '202107', 'Taxi', '2021-07-02', '78.00'),
(319, 'b19', '202108', 'Taxi', '2021-08-22', '42.00'),
(320, 'b19', '202108', 'Taxi', '2021-08-26', '60.00'),
(321, 'b19', '202108', 'Taxi', '2021-08-14', '79.00'),
(322, 'b19', '202109', 'Location équipement vidéo/sonore', '2021-09-10', '694.00'),
(323, 'b19', '202109', 'Voyage SNCF', '2021-09-16', '71.00'),
(324, 'b25', '202009', 'Location véhicule', '2020-09-10', '59.00'),
(325, 'b25', '202009', 'Achat de matériel de papèterie', '2020-09-01', '37.00'),
(326, 'b25', '202009', 'Repas avec praticien', '2020-09-05', '44.00'),
(327, 'b25', '202009', 'Achat de matériel de papèterie', '2020-09-16', '35.00'),
(328, 'b25', '202010', 'Achat de matériel de papèterie', '2020-10-12', '34.00'),
(329, 'b25', '202010', 'Location équipement vidéo/sonore', '2020-10-27', '721.00'),
(330, 'b25', '202011', 'Location véhicule', '2020-11-26', '442.00'),
(331, 'b25', '202011', 'Location véhicule', '2020-11-18', '185.00'),
(332, 'b25', '202011', 'Achat de matériel de papèterie', '2020-11-18', '42.00'),
(333, 'b25', '202011', 'Location équipement vidéo/sonore', '2020-11-20', '150.00'),
(334, 'b25', '202011', 'Voyage SNCF', '2020-11-08', '82.00'),
(335, 'b25', '202011', 'Traiteur, alimentation, boisson', '2020-11-09', '372.00'),
(336, 'b25', '202012', 'Location véhicule', '2020-12-05', '315.00'),
(337, 'b25', '202012', 'Frais vestimentaire/représentation', '2020-12-28', '409.00'),
(338, 'b25', '202012', 'Location véhicule', '2020-12-23', '390.00'),
(339, 'b25', '202101', 'Taxi', '2021-01-22', '54.00'),
(340, 'b25', '202101', 'Location équipement vidéo/sonore', '2021-01-27', '842.00'),
(341, 'b25', '202102', 'Taxi', '2021-02-13', '61.00'),
(342, 'b25', '202103', 'Location équipement vidéo/sonore', '2021-03-13', '409.00'),
(343, 'b25', '202103', 'Repas avec praticien', '2021-03-17', '38.00'),
(344, 'b25', '202103', 'Location équipement vidéo/sonore', '2021-03-12', '384.00'),
(345, 'b25', '202103', 'Location salle conférence', '2021-03-07', '256.00'),
(346, 'b25', '202104', 'Frais vestimentaire/représentation', '2021-04-22', '180.00'),
(347, 'b25', '202104', 'Taxi', '2021-04-19', '41.00'),
(348, 'b25', '202104', 'Location équipement vidéo/sonore', '2021-04-11', '656.00'),
(349, 'b25', '202105', 'Location salle conférence', '2021-05-22', '172.00'),
(350, 'b25', '202106', 'Location véhicule', '2021-06-06', '86.00'),
(351, 'b25', '202106', 'Location équipement vidéo/sonore', '2021-06-16', '286.00'),
(352, 'b25', '202107', 'Achat de matériel de papèterie', '2021-07-03', '18.00'),
(353, 'b25', '202107', 'Voyage SNCF', '2021-07-08', '108.00'),
(354, 'b25', '202107', 'Location salle conférence', '2021-07-13', '391.00'),
(355, 'b25', '202107', 'Location véhicule', '2021-07-05', '43.00'),
(356, 'b25', '202107', 'Rémunération intervenant/spécialiste', '2021-07-23', '897.00'),
(357, 'b25', '202108', 'Location salle conférence', '2021-08-03', '224.00'),
(358, 'b25', '202108', 'Taxi', '2021-08-07', '46.00'),
(359, 'b25', '202108', 'Achat de matériel de papèterie', '2021-08-11', '25.00'),
(360, 'b25', '202108', 'Location équipement vidéo/sonore', '2021-08-23', '649.00'),
(361, 'b25', '202109', 'Achat de matériel de papèterie', '2021-09-28', '23.00'),
(362, 'b25', '202109', 'Rémunération intervenant/spécialiste', '2021-09-25', '1005.00'),
(363, 'b25', '202109', 'Location véhicule', '2021-09-23', '44.00'),
(364, 'b25', '202109', 'Taxi', '2021-09-14', '30.00'),
(365, 'b25', '202109', 'Rémunération intervenant/spécialiste', '2021-09-26', '1164.00'),
(366, 'b28', '202009', 'Location salle conférence', '2020-09-21', '358.00'),
(367, 'b28', '202009', 'Frais vestimentaire/représentation', '2020-09-20', '342.00'),
(368, 'b28', '202009', 'Repas avec praticien', '2020-09-28', '50.00'),
(369, 'b28', '202009', 'Taxi', '2020-09-28', '23.00'),
(370, 'b28', '202010', 'Repas avec praticien', '2020-10-04', '49.00'),
(371, 'b28', '202010', 'Voyage SNCF', '2020-10-18', '82.00'),
(372, 'b28', '202010', 'Location salle conférence', '2020-10-15', '290.00'),
(373, 'b28', '202010', 'Location véhicule', '2020-10-14', '397.00'),
(374, 'b28', '202011', 'Voyage SNCF', '2020-11-12', '62.00'),
(375, 'b28', '202011', 'Taxi', '2020-11-08', '71.00'),
(376, 'b28', '202011', 'Repas avec praticien', '2020-11-09', '39.00'),
(377, 'b28', '202011', 'Location salle conférence', '2020-11-07', '241.00'),
(378, 'b28', '202011', 'Location équipement vidéo/sonore', '2020-11-18', '412.00'),
(379, 'b28', '202012', 'Traiteur, alimentation, boisson', '2020-12-14', '390.00'),
(380, 'b28', '202012', 'Repas avec praticien', '2020-12-03', '37.00'),
(381, 'b28', '202012', 'Repas avec praticien', '2020-12-07', '32.00'),
(382, 'b28', '202012', 'Location salle conférence', '2020-12-28', '427.00'),
(383, 'b28', '202012', 'Voyage SNCF', '2020-12-19', '100.00'),
(384, 'b28', '202101', 'Location véhicule', '2021-01-19', '104.00'),
(385, 'b28', '202101', 'Traiteur, alimentation, boisson', '2021-01-28', '40.00'),
(386, 'b28', '202101', 'Repas avec praticien', '2021-01-07', '33.00'),
(387, 'b28', '202102', 'Achat de matériel de papèterie', '2021-02-15', '31.00'),
(388, 'b28', '202103', 'Location véhicule', '2021-03-10', '330.00'),
(389, 'b28', '202103', 'Location équipement vidéo/sonore', '2021-03-08', '596.00'),
(390, 'b28', '202104', 'Taxi', '2021-04-04', '47.00'),
(391, 'b28', '202104', 'Frais vestimentaire/représentation', '2021-04-22', '80.00'),
(392, 'b28', '202105', 'Location équipement vidéo/sonore', '2021-05-27', '741.00'),
(393, 'b28', '202105', 'Taxi', '2021-05-16', '32.00'),
(394, 'b28', '202105', 'Location véhicule', '2021-05-15', '381.00'),
(395, 'b28', '202105', 'Repas avec praticien', '2021-05-16', '50.00'),
(396, 'b28', '202105', 'Rémunération intervenant/spécialiste', '2021-05-09', '279.00'),
(397, 'b28', '202105', 'Rémunération intervenant/spécialiste', '2021-05-24', '611.00'),
(398, 'b28', '202106', 'Rémunération intervenant/spécialiste', '2021-06-06', '1117.00'),
(399, 'b28', '202106', 'Location équipement vidéo/sonore', '2021-06-20', '340.00'),
(400, 'b28', '202106', 'Achat de matériel de papèterie', '2021-06-01', '15.00'),
(401, 'b28', '202106', 'Rémunération intervenant/spécialiste', '2021-06-10', '809.00'),
(402, 'b28', '202106', 'Rémunération intervenant/spécialiste', '2021-06-11', '728.00'),
(403, 'b28', '202107', 'Location équipement vidéo/sonore', '2021-07-12', '477.00'),
(404, 'b28', '202108', 'Traiteur, alimentation, boisson', '2021-08-23', '332.00'),
(405, 'b28', '202108', 'Location salle conférence', '2021-08-17', '153.00'),
(406, 'b28', '202109', 'Repas avec praticien', '2021-09-15', '34.00'),
(407, 'b28', '202109', 'Achat de matériel de papèterie', '2021-09-14', '48.00'),
(408, 'b28', '202109', 'Location véhicule', '2021-09-14', '237.00'),
(409, 'b28', '202109', 'Location équipement vidéo/sonore', '2021-09-06', '753.00'),
(410, 'b34', '202009', 'Achat de matériel de papèterie', '2020-09-24', '47.00'),
(411, 'b34', '202010', 'Frais vestimentaire/représentation', '2020-10-24', '138.00'),
(412, 'b34', '202011', 'Voyage SNCF', '2020-11-15', '147.00'),
(413, 'b34', '202012', 'Location équipement vidéo/sonore', '2020-12-15', '433.00'),
(414, 'b34', '202012', 'Rémunération intervenant/spécialiste', '2020-12-26', '800.00'),
(415, 'b34', '202012', 'Location équipement vidéo/sonore', '2020-12-10', '605.00'),
(416, 'b34', '202012', 'Traiteur, alimentation, boisson', '2020-12-26', '428.00'),
(417, 'b34', '202101', 'Location équipement vidéo/sonore', '2021-01-17', '519.00'),
(418, 'b34', '202101', 'Achat de matériel de papèterie', '2021-01-04', '44.00'),
(419, 'b34', '202102', 'Repas avec praticien', '2021-02-26', '44.00'),
(420, 'b34', '202102', 'Location véhicule', '2021-02-15', '75.00'),
(421, 'b34', '202102', 'Voyage SNCF', '2021-02-05', '81.00'),
(422, 'b34', '202103', 'Location véhicule', '2021-03-14', '111.00'),
(423, 'b34', '202103', 'Frais vestimentaire/représentation', '2021-03-15', '350.00'),
(424, 'b34', '202103', 'Rémunération intervenant/spécialiste', '2021-03-22', '767.00'),
(425, 'b34', '202103', 'Traiteur, alimentation, boisson', '2021-03-24', '153.00'),
(426, 'b34', '202104', 'Location équipement vidéo/sonore', '2021-04-28', '787.00'),
(427, 'b34', '202104', 'Location salle conférence', '2021-04-03', '583.00'),
(428, 'b34', '202104', 'Location véhicule', '2021-04-11', '146.00'),
(429, 'b34', '202104', 'Traiteur, alimentation, boisson', '2021-04-24', '293.00'),
(430, 'b34', '202104', 'Voyage SNCF', '2021-04-18', '147.00'),
(431, 'b34', '202105', 'Traiteur, alimentation, boisson', '2021-05-10', '361.00'),
(432, 'b34', '202105', 'Traiteur, alimentation, boisson', '2021-05-17', '160.00'),
(433, 'b34', '202105', 'Location véhicule', '2021-05-21', '137.00'),
(434, 'b34', '202106', 'Voyage SNCF', '2021-06-02', '90.00'),
(435, 'b34', '202106', 'Traiteur, alimentation, boisson', '2021-06-19', '115.00'),
(436, 'b34', '202107', 'Voyage SNCF', '2021-07-08', '138.00'),
(437, 'b34', '202107', 'Location salle conférence', '2021-07-22', '617.00'),
(438, 'b34', '202108', 'Taxi', '2021-08-28', '77.00'),
(439, 'b34', '202108', 'Traiteur, alimentation, boisson', '2021-08-14', '273.00'),
(440, 'b34', '202109', 'Rémunération intervenant/spécialiste', '2021-09-27', '511.00'),
(441, 'b4', '202009', 'Repas avec praticien', '2020-09-17', '41.00'),
(442, 'b4', '202009', 'Traiteur, alimentation, boisson', '2020-09-24', '358.00'),
(443, 'b4', '202009', 'Achat de matériel de papèterie', '2020-09-28', '16.00'),
(444, 'b4', '202009', 'Traiteur, alimentation, boisson', '2020-09-19', '187.00'),
(445, 'b4', '202010', 'Location véhicule', '2020-10-17', '66.00'),
(446, 'b4', '202011', 'Achat de matériel de papèterie', '2020-11-18', '21.00'),
(447, 'b4', '202011', 'Taxi', '2020-11-19', '74.00'),
(448, 'b4', '202011', 'Traiteur, alimentation, boisson', '2020-11-15', '302.00'),
(449, 'b4', '202011', 'Taxi', '2020-11-13', '42.00'),
(450, 'b4', '202012', 'Location salle conférence', '2020-12-01', '245.00'),
(451, 'b4', '202012', 'Location salle conférence', '2020-12-07', '324.00'),
(452, 'b4', '202012', 'Location équipement vidéo/sonore', '2020-12-27', '182.00'),
(453, 'b4', '202012', 'Repas avec praticien', '2020-12-03', '47.00'),
(454, 'b4', '202101', 'Repas avec praticien', '2021-01-18', '48.00'),
(455, 'b4', '202101', 'Frais vestimentaire/représentation', '2021-01-14', '184.00'),
(456, 'b4', '202101', 'Achat de matériel de papèterie', '2021-01-07', '32.00'),
(457, 'b4', '202102', 'Rémunération intervenant/spécialiste', '2021-02-02', '792.00'),
(458, 'b4', '202102', 'Rémunération intervenant/spécialiste', '2021-02-22', '629.00'),
(459, 'b4', '202103', 'Taxi', '2021-03-04', '59.00'),
(460, 'b4', '202104', 'Location équipement vidéo/sonore', '2021-04-10', '183.00'),
(461, 'b4', '202104', 'Location véhicule', '2021-04-03', '132.00'),
(462, 'b4', '202104', 'Location véhicule', '2021-04-27', '203.00'),
(463, 'b4', '202104', 'Achat de matériel de papèterie', '2021-04-17', '27.00'),
(464, 'b4', '202105', 'Taxi', '2021-05-10', '21.00'),
(465, 'b4', '202105', 'Location équipement vidéo/sonore', '2021-05-21', '202.00'),
(466, 'b4', '202105', 'Achat de matériel de papèterie', '2021-05-27', '20.00'),
(467, 'b4', '202105', 'Taxi', '2021-05-19', '50.00'),
(468, 'b4', '202105', 'Achat de matériel de papèterie', '2021-05-24', '23.00'),
(469, 'b4', '202106', 'Location véhicule', '2021-06-14', '46.00'),
(470, 'b4', '202106', 'Repas avec praticien', '2021-06-27', '36.00'),
(471, 'b4', '202107', 'Frais vestimentaire/représentation', '2021-07-17', '161.00'),
(472, 'b4', '202107', 'Voyage SNCF', '2021-07-16', '48.00'),
(473, 'b4', '202107', 'Taxi', '2021-07-03', '22.00'),
(474, 'b4', '202108', 'Location équipement vidéo/sonore', '2021-08-11', '436.00'),
(475, 'b4', '202108', 'Repas avec praticien', '2021-08-03', '38.00'),
(476, 'b4', '202108', 'Taxi', '2021-08-13', '50.00'),
(477, 'b4', '202108', 'Location salle conférence', '2021-08-28', '640.00'),
(478, 'b4', '202108', 'Repas avec praticien', '2021-08-16', '45.00'),
(479, 'b4', '202108', 'Location véhicule', '2021-08-21', '328.00'),
(480, 'b4', '202109', 'Frais vestimentaire/représentation', '2021-09-02', '203.00'),
(481, 'b4', '202109', 'Taxi', '2021-09-21', '54.00'),
(482, 'b50', '202009', 'Taxi', '2020-09-23', '35.00'),
(483, 'b50', '202009', 'Taxi', '2020-09-26', '65.00'),
(484, 'b50', '202010', 'Rémunération intervenant/spécialiste', '2020-10-25', '803.00'),
(485, 'b50', '202010', 'Frais vestimentaire/représentation', '2020-10-08', '409.00'),
(486, 'b50', '202010', 'Location véhicule', '2020-10-02', '220.00'),
(487, 'b50', '202011', 'Repas avec praticien', '2020-11-25', '33.00'),
(488, 'b50', '202011', 'Repas avec praticien', '2020-11-21', '31.00'),
(489, 'b50', '202012', 'Rémunération intervenant/spécialiste', '2020-12-03', '569.00'),
(490, 'b50', '202012', 'Frais vestimentaire/représentation', '2020-12-06', '425.00'),
(491, 'b50', '202012', 'Traiteur, alimentation, boisson', '2020-12-13', '259.00'),
(492, 'b50', '202012', 'Location salle conférence', '2020-12-06', '390.00'),
(493, 'b50', '202012', 'Voyage SNCF', '2020-12-09', '84.00'),
(494, 'b50', '202101', 'Rémunération intervenant/spécialiste', '2021-01-24', '747.00'),
(495, 'b50', '202102', 'Voyage SNCF', '2021-02-14', '47.00'),
(496, 'b50', '202102', 'Location salle conférence', '2021-02-17', '208.00'),
(497, 'b50', '202102', 'Location salle conférence', '2021-02-07', '395.00'),
(498, 'b50', '202103', 'Location salle conférence', '2021-03-04', '297.00'),
(499, 'b50', '202103', 'Achat de matériel de papèterie', '2021-03-17', '43.00'),
(500, 'b50', '202103', 'Taxi', '2021-03-22', '38.00'),
(501, 'b50', '202103', 'Location véhicule', '2021-03-05', '262.00'),
(502, 'b50', '202103', 'Repas avec praticien', '2021-03-09', '44.00'),
(503, 'b50', '202103', 'Rémunération intervenant/spécialiste', '2021-03-01', '625.00'),
(504, 'b50', '202104', 'Location véhicule', '2021-04-13', '206.00'),
(505, 'b50', '202104', 'Rémunération intervenant/spécialiste', '2021-04-07', '424.00'),
(506, 'b50', '202104', 'Location salle conférence', '2021-04-11', '474.00'),
(507, 'b50', '202104', 'Location véhicule', '2021-04-14', '165.00'),
(508, 'b50', '202105', 'Traiteur, alimentation, boisson', '2021-05-03', '439.00'),
(509, 'b50', '202106', 'Voyage SNCF', '2021-06-17', '136.00'),
(510, 'b50', '202106', 'Location véhicule', '2021-06-13', '371.00'),
(511, 'b50', '202106', 'Location équipement vidéo/sonore', '2021-06-07', '589.00'),
(512, 'b50', '202106', 'Traiteur, alimentation, boisson', '2021-06-08', '72.00'),
(513, 'b50', '202107', 'Location équipement vidéo/sonore', '2021-07-19', '664.00'),
(514, 'b50', '202107', 'Traiteur, alimentation, boisson', '2021-07-06', '343.00'),
(515, 'b50', '202107', 'Traiteur, alimentation, boisson', '2021-07-21', '347.00'),
(516, 'b50', '202108', 'Taxi', '2021-08-16', '27.00'),
(517, 'b50', '202108', 'Rémunération intervenant/spécialiste', '2021-08-16', '264.00'),
(518, 'b50', '202108', 'Frais vestimentaire/représentation', '2021-08-07', '159.00'),
(519, 'b50', '202109', 'Traiteur, alimentation, boisson', '2021-09-19', '364.00'),
(520, 'b50', '202109', 'Taxi', '2021-09-08', '55.00'),
(521, 'b50', '202109', 'Taxi', '2021-09-17', '68.00'),
(522, 'b50', '202109', 'Traiteur, alimentation, boisson', '2021-09-26', '73.00'),
(523, 'b50', '202109', 'Location salle conférence', '2021-09-20', '393.00'),
(524, 'b50', '202109', 'Voyage SNCF', '2021-09-20', '36.00'),
(525, 'b59', '202009', 'Location véhicule', '2020-09-22', '61.00'),
(526, 'b59', '202009', 'Traiteur, alimentation, boisson', '2020-09-01', '284.00'),
(527, 'b59', '202009', 'Achat de matériel de papèterie', '2020-09-11', '29.00'),
(528, 'b59', '202009', 'Voyage SNCF', '2020-09-28', '70.00'),
(529, 'b59', '202010', 'Achat de matériel de papèterie', '2020-10-25', '16.00'),
(530, 'b59', '202010', 'Location salle conférence', '2020-10-08', '469.00'),
(531, 'b59', '202011', 'Voyage SNCF', '2020-11-15', '125.00'),
(532, 'b59', '202011', 'Voyage SNCF', '2020-11-24', '49.00'),
(533, 'b59', '202011', 'Rémunération intervenant/spécialiste', '2020-11-01', '408.00'),
(534, 'b59', '202011', 'Rémunération intervenant/spécialiste', '2020-11-01', '1152.00'),
(535, 'b59', '202012', 'Taxi', '2020-12-14', '77.00'),
(536, 'b59', '202012', 'Location salle conférence', '2020-12-18', '207.00'),
(537, 'b59', '202012', 'Location véhicule', '2020-12-03', '317.00'),
(538, 'b59', '202012', 'Traiteur, alimentation, boisson', '2020-12-04', '413.00'),
(539, 'b59', '202012', 'Location véhicule', '2020-12-22', '73.00'),
(540, 'b59', '202012', 'Traiteur, alimentation, boisson', '2020-12-19', '103.00'),
(541, 'b59', '202101', 'Location équipement vidéo/sonore', '2021-01-19', '574.00'),
(542, 'b59', '202102', 'Repas avec praticien', '2021-02-07', '38.00'),
(543, 'b59', '202103', 'Location véhicule', '2021-03-11', '346.00'),
(544, 'b59', '202104', 'Voyage SNCF', '2021-04-19', '141.00'),
(545, 'b59', '202105', 'Frais vestimentaire/représentation', '2021-05-06', '413.00'),
(546, 'b59', '202105', 'Voyage SNCF', '2021-05-19', '87.00'),
(547, 'b59', '202106', 'Location salle conférence', '2021-06-05', '373.00'),
(548, 'b59', '202106', 'Traiteur, alimentation, boisson', '2021-06-08', '430.00'),
(549, 'b59', '202106', 'Achat de matériel de papèterie', '2021-06-14', '43.00'),
(550, 'b59', '202106', 'Repas avec praticien', '2021-06-13', '48.00'),
(551, 'b59', '202106', 'Location véhicule', '2021-06-07', '184.00'),
(552, 'b59', '202106', 'Repas avec praticien', '2021-06-16', '30.00'),
(553, 'b59', '202107', 'Repas avec praticien', '2021-07-03', '48.00'),
(554, 'b59', '202107', 'Rémunération intervenant/spécialiste', '2021-07-25', '1146.00'),
(555, 'b59', '202108', 'Voyage SNCF', '2021-08-24', '125.00'),
(556, 'b59', '202108', 'Location salle conférence', '2021-08-22', '565.00'),
(557, 'b59', '202108', 'Location véhicule', '2021-08-25', '243.00'),
(558, 'c14', '202009', 'Achat de matériel de papèterie', '2020-09-26', '32.00'),
(559, 'c14', '202009', 'Frais vestimentaire/représentation', '2020-09-05', '98.00'),
(560, 'c14', '202009', 'Location véhicule', '2020-09-20', '90.00'),
(561, 'c14', '202009', 'Voyage SNCF', '2020-09-07', '124.00'),
(562, 'c14', '202010', 'Rémunération intervenant/spécialiste', '2020-10-13', '617.00'),
(563, 'c14', '202010', 'Location équipement vidéo/sonore', '2020-10-10', '263.00'),
(564, 'c14', '202011', 'Rémunération intervenant/spécialiste', '2020-11-07', '480.00'),
(565, 'c14', '202011', 'Voyage SNCF', '2020-11-27', '65.00'),
(566, 'c14', '202012', 'Frais vestimentaire/représentation', '2020-12-11', '251.00'),
(567, 'c14', '202012', 'Voyage SNCF', '2020-12-17', '97.00'),
(568, 'c14', '202012', 'Location véhicule', '2020-12-28', '62.00'),
(569, 'c14', '202012', 'Achat de matériel de papèterie', '2020-12-28', '11.00'),
(570, 'c14', '202101', 'Repas avec praticien', '2021-01-08', '40.00'),
(571, 'c14', '202101', 'Rémunération intervenant/spécialiste', '2021-01-10', '497.00'),
(572, 'c14', '202101', 'Frais vestimentaire/représentation', '2021-01-13', '230.00'),
(573, 'c14', '202101', 'Location véhicule', '2021-01-23', '272.00'),
(574, 'c14', '202101', 'Location véhicule', '2021-01-15', '325.00'),
(575, 'c14', '202102', 'Rémunération intervenant/spécialiste', '2021-02-16', '1146.00'),
(576, 'c14', '202103', 'Rémunération intervenant/spécialiste', '2021-03-11', '415.00'),
(577, 'c14', '202103', 'Taxi', '2021-03-13', '67.00'),
(578, 'c14', '202103', 'Achat de matériel de papèterie', '2021-03-09', '48.00'),
(579, 'c14', '202103', 'Voyage SNCF', '2021-03-02', '103.00'),
(580, 'c14', '202103', 'Frais vestimentaire/représentation', '2021-03-27', '207.00'),
(581, 'c14', '202104', 'Taxi', '2021-04-12', '35.00'),
(582, 'c14', '202104', 'Traiteur, alimentation, boisson', '2021-04-08', '400.00'),
(583, 'c14', '202105', 'Rémunération intervenant/spécialiste', '2021-05-03', '781.00'),
(584, 'c14', '202105', 'Voyage SNCF', '2021-05-07', '77.00'),
(585, 'c14', '202105', 'Location véhicule', '2021-05-23', '90.00'),
(586, 'c14', '202105', 'Traiteur, alimentation, boisson', '2021-05-18', '249.00'),
(587, 'c14', '202105', 'Achat de matériel de papèterie', '2021-05-24', '29.00'),
(588, 'c14', '202106', 'Taxi', '2021-06-06', '79.00'),
(589, 'c14', '202106', 'Location équipement vidéo/sonore', '2021-06-07', '568.00'),
(590, 'c14', '202106', 'Traiteur, alimentation, boisson', '2021-06-08', '91.00'),
(591, 'c14', '202106', 'Traiteur, alimentation, boisson', '2021-06-23', '354.00'),
(592, 'c14', '202106', 'Taxi', '2021-06-25', '32.00'),
(593, 'c14', '202106', 'Voyage SNCF', '2021-06-10', '69.00'),
(594, 'c14', '202107', 'Achat de matériel de papèterie', '2021-07-10', '37.00'),
(595, 'c14', '202107', 'Location équipement vidéo/sonore', '2021-07-18', '849.00'),
(596, 'c14', '202107', 'Traiteur, alimentation, boisson', '2021-07-13', '143.00'),
(597, 'c14', '202108', 'Repas avec praticien', '2021-08-07', '34.00'),
(598, 'c14', '202109', 'Rémunération intervenant/spécialiste', '2021-09-12', '494.00'),
(599, 'c14', '202109', 'Location équipement vidéo/sonore', '2021-09-20', '675.00'),
(600, 'c14', '202109', 'Achat de matériel de papèterie', '2021-09-14', '26.00'),
(601, 'c3', '202009', 'Repas avec praticien', '2020-09-10', '39.00'),
(602, 'c3', '202010', 'Location véhicule', '2020-10-23', '165.00'),
(603, 'c3', '202010', 'Location équipement vidéo/sonore', '2020-10-10', '630.00'),
(604, 'c3', '202010', 'Frais vestimentaire/représentation', '2020-10-14', '109.00'),
(605, 'c3', '202011', 'Traiteur, alimentation, boisson', '2020-11-19', '407.00'),
(606, 'c3', '202012', 'Voyage SNCF', '2020-12-28', '119.00'),
(607, 'c3', '202012', 'Rémunération intervenant/spécialiste', '2020-12-03', '474.00'),
(608, 'c3', '202012', 'Repas avec praticien', '2020-12-05', '41.00'),
(609, 'c3', '202012', 'Voyage SNCF', '2020-12-09', '65.00'),
(610, 'c3', '202012', 'Voyage SNCF', '2020-12-10', '79.00'),
(611, 'c3', '202101', 'Location salle conférence', '2021-01-19', '477.00'),
(612, 'c3', '202101', 'Location véhicule', '2021-01-16', '54.00'),
(613, 'c3', '202101', 'Repas avec praticien', '2021-01-20', '47.00'),
(614, 'c3', '202102', 'Rémunération intervenant/spécialiste', '2021-02-12', '817.00'),
(615, 'c3', '202102', 'Rémunération intervenant/spécialiste', '2021-02-01', '529.00'),
(616, 'c3', '202102', 'Taxi', '2021-02-05', '24.00'),
(617, 'c3', '202102', 'Traiteur, alimentation, boisson', '2021-02-25', '157.00'),
(618, 'c3', '202102', 'Location équipement vidéo/sonore', '2021-02-11', '461.00'),
(619, 'c3', '202102', 'Taxi', '2021-02-01', '66.00'),
(620, 'c3', '202103', 'Rémunération intervenant/spécialiste', '2021-03-28', '1089.00'),
(621, 'c3', '202103', 'Repas avec praticien', '2021-03-17', '33.00'),
(622, 'c3', '202103', 'Taxi', '2021-03-26', '79.00'),
(623, 'c3', '202103', 'Voyage SNCF', '2021-03-14', '97.00'),
(624, 'c3', '202104', 'Rémunération intervenant/spécialiste', '2021-04-08', '582.00'),
(625, 'c3', '202105', 'Frais vestimentaire/représentation', '2021-05-24', '66.00'),
(626, 'c3', '202106', 'Rémunération intervenant/spécialiste', '2021-06-22', '1114.00'),
(627, 'c3', '202106', 'Frais vestimentaire/représentation', '2021-06-13', '333.00'),
(628, 'c3', '202107', 'Location salle conférence', '2021-07-13', '326.00'),
(629, 'c3', '202108', 'Frais vestimentaire/représentation', '2021-08-13', '191.00'),
(630, 'c3', '202108', 'Voyage SNCF', '2021-08-12', '118.00'),
(631, 'c3', '202109', 'Frais vestimentaire/représentation', '2021-09-16', '363.00'),
(632, 'c3', '202109', 'Frais vestimentaire/représentation', '2021-09-01', '66.00'),
(633, 'c3', '202109', 'Traiteur, alimentation, boisson', '2021-09-01', '405.00'),
(634, 'c3', '202109', 'Frais vestimentaire/représentation', '2021-09-21', '350.00'),
(635, 'c54', '202009', 'Achat de matériel de papèterie', '2020-09-12', '31.00'),
(636, 'c54', '202010', 'Location équipement vidéo/sonore', '2020-10-19', '398.00'),
(637, 'c54', '202010', 'Traiteur, alimentation, boisson', '2020-10-22', '284.00'),
(638, 'c54', '202010', 'Voyage SNCF', '2020-10-18', '63.00'),
(639, 'c54', '202010', 'Location équipement vidéo/sonore', '2020-10-09', '438.00'),
(640, 'c54', '202010', 'Location équipement vidéo/sonore', '2020-10-28', '543.00'),
(641, 'c54', '202011', 'Repas avec praticien', '2020-11-28', '37.00'),
(642, 'c54', '202012', 'Location véhicule', '2020-12-09', '245.00'),
(643, 'c54', '202012', 'Location salle conférence', '2020-12-28', '214.00'),
(644, 'c54', '202012', 'Voyage SNCF', '2020-12-01', '88.00'),
(645, 'c54', '202012', 'Location équipement vidéo/sonore', '2020-12-12', '713.00'),
(646, 'c54', '202012', 'Location équipement vidéo/sonore', '2020-12-15', '663.00'),
(647, 'c54', '202012', 'Frais vestimentaire/représentation', '2020-12-11', '359.00'),
(648, 'c54', '202101', 'Frais vestimentaire/représentation', '2021-01-04', '285.00'),
(649, 'c54', '202101', 'Voyage SNCF', '2021-01-08', '142.00'),
(650, 'c54', '202101', 'Location équipement vidéo/sonore', '2021-01-02', '772.00'),
(651, 'c54', '202101', 'Location équipement vidéo/sonore', '2021-01-05', '369.00'),
(652, 'c54', '202101', 'Achat de matériel de papèterie', '2021-01-13', '41.00'),
(653, 'c54', '202101', 'Voyage SNCF', '2021-01-05', '113.00'),
(654, 'c54', '202102', 'Location équipement vidéo/sonore', '2021-02-27', '101.00'),
(655, 'c54', '202102', 'Taxi', '2021-02-11', '36.00'),
(656, 'c54', '202102', 'Location équipement vidéo/sonore', '2021-02-08', '829.00'),
(657, 'c54', '202102', 'Location équipement vidéo/sonore', '2021-02-01', '580.00'),
(658, 'c54', '202103', 'Location salle conférence', '2021-03-04', '313.00'),
(659, 'c54', '202103', 'Traiteur, alimentation, boisson', '2021-03-04', '77.00'),
(660, 'c54', '202103', 'Taxi', '2021-03-25', '25.00'),
(661, 'c54', '202103', 'Taxi', '2021-03-18', '38.00'),
(662, 'c54', '202103', 'Repas avec praticien', '2021-03-16', '42.00'),
(663, 'c54', '202104', 'Taxi', '2021-04-18', '63.00'),
(664, 'c54', '202105', 'Location véhicule', '2021-05-07', '199.00'),
(665, 'c54', '202105', 'Achat de matériel de papèterie', '2021-05-11', '24.00'),
(666, 'c54', '202105', 'Frais vestimentaire/représentation', '2021-05-25', '370.00'),
(667, 'c54', '202106', 'Repas avec praticien', '2021-06-09', '47.00'),
(668, 'c54', '202107', 'Location salle conférence', '2021-07-15', '526.00'),
(669, 'c54', '202107', 'Taxi', '2021-07-16', '62.00'),
(670, 'c54', '202107', 'Traiteur, alimentation, boisson', '2021-07-14', '179.00'),
(671, 'c54', '202108', 'Rémunération intervenant/spécialiste', '2021-08-15', '602.00'),
(672, 'c54', '202108', 'Location véhicule', '2021-08-16', '421.00'),
(673, 'c54', '202108', 'Repas avec praticien', '2021-08-02', '46.00'),
(674, 'c54', '202109', 'Voyage SNCF', '2021-09-26', '128.00'),
(675, 'c54', '202109', 'Traiteur, alimentation, boisson', '2021-09-25', '351.00'),
(676, 'c54', '202109', 'Location salle conférence', '2021-09-12', '557.00'),
(677, 'c54', '202109', 'Frais vestimentaire/représentation', '2021-09-07', '349.00'),
(678, 'c54', '202109', 'Voyage SNCF', '2021-09-28', '34.00'),
(679, 'c54', '202109', 'Rémunération intervenant/spécialiste', '2021-09-19', '995.00'),
(680, 'd13', '202009', 'Rémunération intervenant/spécialiste', '2020-09-27', '265.00'),
(681, 'd13', '202009', 'Location équipement vidéo/sonore', '2020-09-06', '739.00'),
(682, 'd13', '202009', 'Frais vestimentaire/représentation', '2020-09-05', '346.00'),
(683, 'd13', '202010', 'Taxi', '2020-10-24', '80.00');
INSERT INTO `lignefraishorsforfait` (`id`, `idvisiteur`, `mois`, `libelle`, `date`, `montant`) VALUES
(684, 'd13', '202010', 'Rémunération intervenant/spécialiste', '2020-10-08', '971.00'),
(685, 'd13', '202010', 'Traiteur, alimentation, boisson', '2020-10-25', '102.00'),
(686, 'd13', '202010', 'Location salle conférence', '2020-10-27', '171.00'),
(687, 'd13', '202011', 'Repas avec praticien', '2020-11-10', '49.00'),
(688, 'd13', '202011', 'Achat de matériel de papèterie', '2020-11-21', '32.00'),
(689, 'd13', '202012', 'Traiteur, alimentation, boisson', '2020-12-27', '41.00'),
(690, 'd13', '202101', 'Frais vestimentaire/représentation', '2021-01-11', '182.00'),
(691, 'd13', '202101', 'Traiteur, alimentation, boisson', '2021-01-28', '146.00'),
(692, 'd13', '202101', 'Location équipement vidéo/sonore', '2021-01-05', '652.00'),
(693, 'd13', '202101', 'Frais vestimentaire/représentation', '2021-01-23', '434.00'),
(694, 'd13', '202101', 'Repas avec praticien', '2021-01-26', '40.00'),
(695, 'd13', '202102', 'Rémunération intervenant/spécialiste', '2021-02-17', '778.00'),
(696, 'd13', '202102', 'Taxi', '2021-02-27', '25.00'),
(697, 'd13', '202102', 'Achat de matériel de papèterie', '2021-02-26', '19.00'),
(698, 'd13', '202102', 'Taxi', '2021-02-18', '34.00'),
(699, 'd13', '202103', 'Location véhicule', '2021-03-19', '199.00'),
(700, 'd13', '202103', 'Achat de matériel de papèterie', '2021-03-06', '45.00'),
(701, 'd13', '202103', 'Location salle conférence', '2021-03-11', '461.00'),
(702, 'd13', '202104', 'Traiteur, alimentation, boisson', '2021-04-03', '351.00'),
(703, 'd13', '202104', 'Achat de matériel de papèterie', '2021-04-23', '30.00'),
(704, 'd13', '202105', 'Location salle conférence', '2021-05-01', '373.00'),
(705, 'd13', '202105', 'Location équipement vidéo/sonore', '2021-05-18', '311.00'),
(706, 'd13', '202106', 'Location salle conférence', '2021-06-19', '577.00'),
(707, 'd13', '202106', 'Achat de matériel de papèterie', '2021-06-28', '14.00'),
(708, 'd13', '202106', 'Traiteur, alimentation, boisson', '2021-06-12', '329.00'),
(709, 'd13', '202107', 'Voyage SNCF', '2021-07-22', '102.00'),
(710, 'd13', '202108', 'Rémunération intervenant/spécialiste', '2021-08-08', '1048.00'),
(711, 'd13', '202108', 'Repas avec praticien', '2021-08-25', '43.00'),
(712, 'd13', '202108', 'Achat de matériel de papèterie', '2021-08-06', '45.00'),
(713, 'd13', '202108', 'Location véhicule', '2021-08-17', '211.00'),
(714, 'd13', '202109', 'Taxi', '2021-09-03', '39.00'),
(715, 'd13', '202109', 'Traiteur, alimentation, boisson', '2021-09-18', '373.00'),
(716, 'd13', '202109', 'Voyage SNCF', '2021-09-27', '101.00'),
(717, 'd51', '202009', 'Rémunération intervenant/spécialiste', '2020-09-11', '517.00'),
(718, 'd51', '202009', 'Achat de matériel de papèterie', '2020-09-21', '36.00'),
(719, 'd51', '202010', 'Achat de matériel de papèterie', '2020-10-24', '12.00'),
(720, 'd51', '202010', 'Rémunération intervenant/spécialiste', '2020-10-26', '1114.00'),
(721, 'd51', '202010', 'Location véhicule', '2020-10-03', '366.00'),
(722, 'd51', '202011', 'Achat de matériel de papèterie', '2020-11-28', '49.00'),
(723, 'd51', '202011', 'Achat de matériel de papèterie', '2020-11-12', '34.00'),
(724, 'd51', '202011', 'Taxi', '2020-11-19', '24.00'),
(725, 'd51', '202011', 'Achat de matériel de papèterie', '2020-11-28', '13.00'),
(726, 'd51', '202012', 'Location salle conférence', '2020-12-08', '226.00'),
(727, 'd51', '202012', 'Location salle conférence', '2020-12-20', '586.00'),
(728, 'd51', '202012', 'Voyage SNCF', '2020-12-15', '48.00'),
(729, 'd51', '202012', 'Rémunération intervenant/spécialiste', '2020-12-27', '328.00'),
(730, 'd51', '202012', 'Frais vestimentaire/représentation', '2020-12-10', '347.00'),
(731, 'd51', '202102', 'Taxi', '2021-02-13', '52.00'),
(732, 'd51', '202103', 'Rémunération intervenant/spécialiste', '2021-03-04', '448.00'),
(733, 'd51', '202103', 'Traiteur, alimentation, boisson', '2021-03-26', '349.00'),
(734, 'd51', '202104', 'Achat de matériel de papèterie', '2021-04-11', '11.00'),
(735, 'd51', '202105', 'Repas avec praticien', '2021-05-06', '39.00'),
(736, 'd51', '202105', 'Taxi', '2021-05-04', '69.00'),
(737, 'd51', '202105', 'Location équipement vidéo/sonore', '2021-05-12', '547.00'),
(738, 'd51', '202106', 'Location salle conférence', '2021-06-20', '407.00'),
(739, 'd51', '202106', 'Traiteur, alimentation, boisson', '2021-06-05', '113.00'),
(740, 'd51', '202107', 'Frais vestimentaire/représentation', '2021-07-28', '237.00'),
(741, 'd51', '202107', 'Location équipement vidéo/sonore', '2021-07-20', '479.00'),
(742, 'd51', '202107', 'Frais vestimentaire/représentation', '2021-07-06', '361.00'),
(743, 'd51', '202108', 'Traiteur, alimentation, boisson', '2021-08-02', '433.00'),
(744, 'd51', '202108', 'Repas avec praticien', '2021-08-08', '35.00'),
(745, 'd51', '202108', 'Location équipement vidéo/sonore', '2021-08-10', '416.00'),
(746, 'd51', '202108', 'Location véhicule', '2021-08-01', '270.00'),
(747, 'd51', '202108', 'Location véhicule', '2021-08-14', '131.00'),
(748, 'd51', '202109', 'Achat de matériel de papèterie', '2021-09-10', '50.00'),
(749, 'd51', '202109', 'Location équipement vidéo/sonore', '2021-09-23', '229.00'),
(750, 'd51', '202109', 'Location salle conférence', '2021-09-02', '241.00'),
(751, 'd51', '202109', 'Frais vestimentaire/représentation', '2021-09-23', '395.00'),
(752, 'd51', '202109', 'Achat de matériel de papèterie', '2021-09-08', '39.00'),
(753, 'e22', '202009', 'Repas avec praticien', '2020-09-19', '47.00'),
(754, 'e22', '202009', 'Taxi', '2020-09-13', '62.00'),
(755, 'e22', '202010', 'Frais vestimentaire/représentation', '2020-10-06', '380.00'),
(756, 'e22', '202010', 'Voyage SNCF', '2020-10-25', '91.00'),
(757, 'e22', '202010', 'Rémunération intervenant/spécialiste', '2020-10-21', '1200.00'),
(758, 'e22', '202010', 'Taxi', '2020-10-05', '61.00'),
(759, 'e22', '202011', 'Location véhicule', '2020-11-05', '114.00'),
(760, 'e22', '202011', 'Traiteur, alimentation, boisson', '2020-11-14', '286.00'),
(761, 'e22', '202011', 'Rémunération intervenant/spécialiste', '2020-11-09', '897.00'),
(762, 'e22', '202012', 'Voyage SNCF', '2020-12-18', '135.00'),
(763, 'e22', '202012', 'Location salle conférence', '2020-12-18', '526.00'),
(764, 'e22', '202012', 'Voyage SNCF', '2020-12-03', '70.00'),
(765, 'e22', '202012', 'Location salle conférence', '2020-12-12', '646.00'),
(766, 'e22', '202012', 'Rémunération intervenant/spécialiste', '2020-12-15', '926.00'),
(767, 'e22', '202101', 'Location véhicule', '2021-01-06', '178.00'),
(768, 'e22', '202102', 'Traiteur, alimentation, boisson', '2021-02-12', '430.00'),
(769, 'e22', '202102', 'Voyage SNCF', '2021-02-26', '83.00'),
(770, 'e22', '202103', 'Rémunération intervenant/spécialiste', '2021-03-17', '1140.00'),
(771, 'e22', '202103', 'Location salle conférence', '2021-03-18', '438.00'),
(772, 'e22', '202103', 'Location salle conférence', '2021-03-21', '500.00'),
(773, 'e22', '202104', 'Traiteur, alimentation, boisson', '2021-04-15', '247.00'),
(774, 'e22', '202105', 'Location véhicule', '2021-05-15', '47.00'),
(775, 'e22', '202105', 'Location salle conférence', '2021-05-13', '248.00'),
(776, 'e22', '202106', 'Rémunération intervenant/spécialiste', '2021-06-16', '1160.00'),
(777, 'e22', '202106', 'Location salle conférence', '2021-06-12', '205.00'),
(778, 'e22', '202107', 'Location véhicule', '2021-07-04', '330.00'),
(779, 'e22', '202107', 'Repas avec praticien', '2021-07-10', '31.00'),
(780, 'e22', '202107', 'Taxi', '2021-07-08', '21.00'),
(781, 'e22', '202107', 'Frais vestimentaire/représentation', '2021-07-06', '427.00'),
(782, 'e22', '202108', 'Taxi', '2021-08-15', '29.00'),
(783, 'e22', '202108', 'Achat de matériel de papèterie', '2021-08-12', '39.00'),
(784, 'e22', '202108', 'Voyage SNCF', '2021-08-10', '140.00'),
(785, 'e22', '202108', 'Voyage SNCF', '2021-08-06', '44.00'),
(786, 'e22', '202109', 'Taxi', '2021-09-03', '52.00'),
(787, 'e22', '202109', 'Location salle conférence', '2021-09-19', '453.00'),
(788, 'e24', '202009', 'Rémunération intervenant/spécialiste', '2020-09-12', '690.00'),
(789, 'e24', '202010', 'Frais vestimentaire/représentation', '2020-10-22', '52.00'),
(790, 'e24', '202010', 'Rémunération intervenant/spécialiste', '2020-10-22', '562.00'),
(791, 'e24', '202010', 'Voyage SNCF', '2020-10-16', '44.00'),
(792, 'e24', '202011', 'Taxi', '2020-11-16', '41.00'),
(793, 'e24', '202011', 'Achat de matériel de papèterie', '2020-11-04', '19.00'),
(794, 'e24', '202011', 'Taxi', '2020-11-25', '29.00'),
(795, 'e24', '202011', 'Achat de matériel de papèterie', '2020-11-24', '41.00'),
(796, 'e24', '202012', 'Frais vestimentaire/représentation', '2020-12-06', '184.00'),
(797, 'e24', '202012', 'Location équipement vidéo/sonore', '2020-12-04', '255.00'),
(798, 'e24', '202012', 'Traiteur, alimentation, boisson', '2020-12-27', '397.00'),
(799, 'e24', '202012', 'Traiteur, alimentation, boisson', '2020-12-15', '196.00'),
(800, 'e24', '202012', 'Location salle conférence', '2020-12-23', '507.00'),
(801, 'e24', '202012', 'Rémunération intervenant/spécialiste', '2020-12-05', '652.00'),
(802, 'e24', '202101', 'Location équipement vidéo/sonore', '2021-01-06', '660.00'),
(803, 'e24', '202102', 'Voyage SNCF', '2021-02-05', '123.00'),
(804, 'e24', '202102', 'Repas avec praticien', '2021-02-21', '47.00'),
(805, 'e24', '202102', 'Frais vestimentaire/représentation', '2021-02-25', '282.00'),
(806, 'e24', '202103', 'Achat de matériel de papèterie', '2021-03-02', '24.00'),
(807, 'e24', '202103', 'Location véhicule', '2021-03-28', '180.00'),
(808, 'e24', '202104', 'Achat de matériel de papèterie', '2021-04-28', '45.00'),
(809, 'e24', '202104', 'Voyage SNCF', '2021-04-20', '139.00'),
(810, 'e24', '202104', 'Location équipement vidéo/sonore', '2021-04-04', '452.00'),
(811, 'e24', '202104', 'Traiteur, alimentation, boisson', '2021-04-22', '193.00'),
(812, 'e24', '202104', 'Achat de matériel de papèterie', '2021-04-11', '27.00'),
(813, 'e24', '202105', 'Taxi', '2021-05-06', '47.00'),
(814, 'e24', '202106', 'Traiteur, alimentation, boisson', '2021-06-07', '269.00'),
(815, 'e24', '202107', 'Frais vestimentaire/représentation', '2021-07-22', '139.00'),
(816, 'e24', '202107', 'Location équipement vidéo/sonore', '2021-07-18', '138.00'),
(817, 'e24', '202108', 'Repas avec praticien', '2021-08-18', '33.00'),
(818, 'e24', '202108', 'Rémunération intervenant/spécialiste', '2021-08-13', '594.00'),
(819, 'e24', '202108', 'Repas avec praticien', '2021-08-09', '45.00'),
(820, 'e24', '202108', 'Repas avec praticien', '2021-08-11', '50.00'),
(821, 'e24', '202108', 'Voyage SNCF', '2021-08-16', '31.00'),
(822, 'e24', '202109', 'Location équipement vidéo/sonore', '2021-09-13', '736.00'),
(823, 'e39', '202009', 'Voyage SNCF', '2020-09-18', '100.00'),
(824, 'e39', '202009', 'Repas avec praticien', '2020-09-11', '35.00'),
(825, 'e39', '202009', 'Location équipement vidéo/sonore', '2020-09-24', '788.00'),
(826, 'e39', '202009', 'Rémunération intervenant/spécialiste', '2020-09-12', '358.00'),
(827, 'e39', '202010', 'Achat de matériel de papèterie', '2020-10-08', '45.00'),
(828, 'e39', '202010', 'Rémunération intervenant/spécialiste', '2020-10-26', '529.00'),
(829, 'e39', '202010', 'Location équipement vidéo/sonore', '2020-10-15', '680.00'),
(830, 'e39', '202010', 'Traiteur, alimentation, boisson', '2020-10-04', '393.00'),
(831, 'e39', '202011', 'Traiteur, alimentation, boisson', '2020-11-14', '114.00'),
(832, 'e39', '202011', 'Achat de matériel de papèterie', '2020-11-07', '34.00'),
(833, 'e39', '202011', 'Location équipement vidéo/sonore', '2020-11-07', '795.00'),
(834, 'e39', '202011', 'Traiteur, alimentation, boisson', '2020-11-02', '348.00'),
(835, 'e39', '202012', 'Frais vestimentaire/représentation', '2020-12-03', '345.00'),
(836, 'e39', '202012', 'Traiteur, alimentation, boisson', '2020-12-27', '35.00'),
(837, 'e39', '202101', 'Rémunération intervenant/spécialiste', '2021-01-08', '317.00'),
(838, 'e39', '202101', 'Location véhicule', '2021-01-27', '425.00'),
(839, 'e39', '202101', 'Frais vestimentaire/représentation', '2021-01-15', '39.00'),
(840, 'e39', '202101', 'Achat de matériel de papèterie', '2021-01-21', '45.00'),
(841, 'e39', '202101', 'Frais vestimentaire/représentation', '2021-01-13', '90.00'),
(842, 'e39', '202102', 'Achat de matériel de papèterie', '2021-02-01', '44.00'),
(843, 'e39', '202103', 'Location équipement vidéo/sonore', '2021-03-05', '546.00'),
(844, 'e39', '202104', 'Location véhicule', '2021-04-04', '444.00'),
(845, 'e39', '202104', 'Achat de matériel de papèterie', '2021-04-07', '21.00'),
(846, 'e39', '202104', 'Repas avec praticien', '2021-04-21', '48.00'),
(847, 'e39', '202105', 'Location véhicule', '2021-05-25', '307.00'),
(848, 'e39', '202105', 'Rémunération intervenant/spécialiste', '2021-05-07', '459.00'),
(849, 'e39', '202105', 'Location salle conférence', '2021-05-19', '543.00'),
(850, 'e39', '202105', 'Traiteur, alimentation, boisson', '2021-05-23', '42.00'),
(851, 'e39', '202105', 'Location salle conférence', '2021-05-16', '382.00'),
(852, 'e39', '202105', 'Frais vestimentaire/représentation', '2021-05-11', '317.00'),
(853, 'e39', '202106', 'Taxi', '2021-06-11', '27.00'),
(854, 'e39', '202106', 'Location salle conférence', '2021-06-26', '534.00'),
(855, 'e39', '202106', 'Location équipement vidéo/sonore', '2021-06-27', '842.00'),
(856, 'e39', '202106', 'Traiteur, alimentation, boisson', '2021-06-20', '208.00'),
(857, 'e39', '202107', 'Location équipement vidéo/sonore', '2021-07-21', '695.00'),
(858, 'e39', '202107', 'Achat de matériel de papèterie', '2021-07-09', '26.00'),
(859, 'e39', '202107', 'Voyage SNCF', '2021-07-09', '72.00'),
(860, 'e39', '202107', 'Location véhicule', '2021-07-18', '400.00'),
(861, 'e39', '202107', 'Taxi', '2021-07-12', '57.00'),
(862, 'e39', '202107', 'Achat de matériel de papèterie', '2021-07-16', '46.00'),
(863, 'e39', '202108', 'Rémunération intervenant/spécialiste', '2021-08-23', '936.00'),
(864, 'e39', '202109', 'Repas avec praticien', '2021-09-14', '35.00'),
(865, 'e39', '202109', 'Location salle conférence', '2021-09-18', '630.00'),
(866, 'e39', '202109', 'Taxi', '2021-09-12', '54.00'),
(867, 'e39', '202109', 'Frais vestimentaire/représentation', '2021-09-26', '308.00'),
(868, 'e49', '202009', 'Location équipement vidéo/sonore', '2020-09-06', '274.00'),
(869, 'e49', '202009', 'Voyage SNCF', '2020-09-06', '127.00'),
(870, 'e49', '202009', 'Location véhicule', '2020-09-03', '203.00'),
(871, 'e49', '202009', 'Rémunération intervenant/spécialiste', '2020-09-21', '836.00'),
(872, 'e49', '202010', 'Voyage SNCF', '2020-10-21', '78.00'),
(873, 'e49', '202010', 'Frais vestimentaire/représentation', '2020-10-14', '160.00'),
(874, 'e49', '202011', 'Repas avec praticien', '2020-11-24', '46.00'),
(875, 'e49', '202011', 'Achat de matériel de papèterie', '2020-11-10', '19.00'),
(876, 'e49', '202012', 'Taxi', '2020-12-25', '39.00'),
(877, 'e49', '202012', 'Frais vestimentaire/représentation', '2020-12-09', '340.00'),
(878, 'e49', '202012', 'Location véhicule', '2020-12-13', '356.00'),
(879, 'e49', '202012', 'Location véhicule', '2020-12-14', '261.00'),
(880, 'e49', '202012', 'Repas avec praticien', '2020-12-28', '39.00'),
(881, 'e49', '202101', 'Voyage SNCF', '2021-01-08', '108.00'),
(882, 'e49', '202102', 'Rémunération intervenant/spécialiste', '2021-02-13', '754.00'),
(883, 'e49', '202103', 'Repas avec praticien', '2021-03-18', '44.00'),
(884, 'e49', '202103', 'Location salle conférence', '2021-03-23', '226.00'),
(885, 'e49', '202104', 'Location équipement vidéo/sonore', '2021-04-15', '663.00'),
(886, 'e49', '202104', 'Voyage SNCF', '2021-04-02', '50.00'),
(887, 'e49', '202104', 'Voyage SNCF', '2021-04-26', '76.00'),
(888, 'e49', '202104', 'Rémunération intervenant/spécialiste', '2021-04-09', '885.00'),
(889, 'e49', '202104', 'Taxi', '2021-04-07', '43.00'),
(890, 'e49', '202105', 'Rémunération intervenant/spécialiste', '2021-05-26', '456.00'),
(891, 'e49', '202106', 'Location équipement vidéo/sonore', '2021-06-03', '705.00'),
(892, 'e49', '202106', 'Frais vestimentaire/représentation', '2021-06-14', '98.00'),
(893, 'e49', '202106', 'Traiteur, alimentation, boisson', '2021-06-11', '361.00'),
(894, 'e49', '202106', 'Repas avec praticien', '2021-06-13', '46.00'),
(895, 'e49', '202106', 'Repas avec praticien', '2021-06-03', '44.00'),
(896, 'e49', '202107', 'Location équipement vidéo/sonore', '2021-07-06', '231.00'),
(897, 'e49', '202107', 'Taxi', '2021-07-04', '61.00'),
(898, 'e49', '202107', 'Repas avec praticien', '2021-07-20', '49.00'),
(899, 'e49', '202108', 'Voyage SNCF', '2021-08-07', '76.00'),
(900, 'e49', '202109', 'Voyage SNCF', '2021-09-19', '101.00'),
(901, 'e49', '202109', 'Taxi', '2021-09-11', '23.00'),
(902, 'e49', '202109', 'Traiteur, alimentation, boisson', '2021-09-25', '194.00'),
(903, 'e5', '202009', 'Repas avec praticien', '2020-09-17', '35.00'),
(904, 'e5', '202010', 'Frais vestimentaire/représentation', '2020-10-27', '232.00'),
(905, 'e5', '202011', 'Location véhicule', '2020-11-04', '77.00'),
(906, 'e5', '202011', 'Traiteur, alimentation, boisson', '2020-11-24', '123.00'),
(907, 'e5', '202011', 'Location véhicule', '2020-11-25', '81.00'),
(908, 'e5', '202012', 'Rémunération intervenant/spécialiste', '2020-12-25', '455.00'),
(909, 'e5', '202012', 'Repas avec praticien', '2020-12-15', '45.00'),
(910, 'e5', '202012', 'Location équipement vidéo/sonore', '2020-12-19', '679.00'),
(911, 'e5', '202012', 'Location salle conférence', '2020-12-12', '539.00'),
(912, 'e5', '202012', 'Achat de matériel de papèterie', '2020-12-05', '49.00'),
(913, 'e5', '202012', 'Traiteur, alimentation, boisson', '2020-12-26', '410.00'),
(914, 'e5', '202101', 'Traiteur, alimentation, boisson', '2021-01-21', '164.00'),
(915, 'e5', '202102', 'Rémunération intervenant/spécialiste', '2021-02-21', '1067.00'),
(916, 'e5', '202102', 'Achat de matériel de papèterie', '2021-02-04', '17.00'),
(917, 'e5', '202102', 'Repas avec praticien', '2021-02-12', '36.00'),
(918, 'e5', '202102', 'Repas avec praticien', '2021-02-22', '30.00'),
(919, 'e5', '202102', 'Achat de matériel de papèterie', '2021-02-06', '42.00'),
(920, 'e5', '202102', 'Taxi', '2021-02-20', '55.00'),
(921, 'e5', '202103', 'Rémunération intervenant/spécialiste', '2021-03-09', '264.00'),
(922, 'e5', '202103', 'Location véhicule', '2021-03-02', '240.00'),
(923, 'e5', '202103', 'Location salle conférence', '2021-03-16', '565.00'),
(924, 'e5', '202103', 'Achat de matériel de papèterie', '2021-03-28', '19.00'),
(925, 'e5', '202104', 'Voyage SNCF', '2021-04-18', '106.00'),
(926, 'e5', '202104', 'Repas avec praticien', '2021-04-28', '32.00'),
(927, 'e5', '202104', 'Rémunération intervenant/spécialiste', '2021-04-27', '1178.00'),
(928, 'e5', '202104', 'Frais vestimentaire/représentation', '2021-04-01', '227.00'),
(929, 'e5', '202105', 'Location véhicule', '2021-05-12', '99.00'),
(930, 'e5', '202105', 'Taxi', '2021-05-11', '62.00'),
(931, 'e5', '202105', 'Location salle conférence', '2021-05-21', '301.00'),
(932, 'e5', '202105', 'Location salle conférence', '2021-05-01', '311.00'),
(933, 'e5', '202106', 'Repas avec praticien', '2021-06-27', '48.00'),
(934, 'e5', '202107', 'Taxi', '2021-07-21', '51.00'),
(935, 'e5', '202107', 'Taxi', '2021-07-01', '25.00'),
(936, 'e5', '202107', 'Repas avec praticien', '2021-07-10', '45.00'),
(937, 'e5', '202108', 'Achat de matériel de papèterie', '2021-08-23', '10.00'),
(938, 'e5', '202108', 'Location équipement vidéo/sonore', '2021-08-01', '680.00'),
(939, 'e5', '202109', 'Traiteur, alimentation, boisson', '2021-09-18', '357.00'),
(940, 'e52', '202009', 'Repas avec praticien', '2020-09-13', '49.00'),
(941, 'e52', '202009', 'Achat de matériel de papèterie', '2020-09-20', '12.00'),
(942, 'e52', '202010', 'Achat de matériel de papèterie', '2020-10-27', '45.00'),
(943, 'e52', '202010', 'Rémunération intervenant/spécialiste', '2020-10-15', '605.00'),
(944, 'e52', '202010', 'Location véhicule', '2020-10-28', '166.00'),
(945, 'e52', '202011', 'Location véhicule', '2020-11-01', '416.00'),
(946, 'e52', '202011', 'Location salle conférence', '2020-11-13', '597.00'),
(947, 'e52', '202011', 'Voyage SNCF', '2020-11-18', '110.00'),
(948, 'e52', '202012', 'Traiteur, alimentation, boisson', '2020-12-04', '269.00'),
(949, 'e52', '202012', 'Taxi', '2020-12-08', '46.00'),
(950, 'e52', '202101', 'Rémunération intervenant/spécialiste', '2021-01-06', '844.00'),
(951, 'e52', '202101', 'Voyage SNCF', '2021-01-27', '34.00'),
(952, 'e52', '202101', 'Achat de matériel de papèterie', '2021-01-06', '22.00'),
(953, 'e52', '202102', 'Achat de matériel de papèterie', '2021-02-24', '17.00'),
(954, 'e52', '202102', 'Taxi', '2021-02-20', '80.00'),
(955, 'e52', '202102', 'Voyage SNCF', '2021-02-25', '93.00'),
(956, 'e52', '202102', 'Location salle conférence', '2021-02-22', '352.00'),
(957, 'e52', '202103', 'Location équipement vidéo/sonore', '2021-03-01', '500.00'),
(958, 'e52', '202103', 'Traiteur, alimentation, boisson', '2021-03-23', '369.00'),
(959, 'e52', '202103', 'Voyage SNCF', '2021-03-09', '47.00'),
(960, 'e52', '202103', 'Repas avec praticien', '2021-03-09', '45.00'),
(961, 'e52', '202104', 'Frais vestimentaire/représentation', '2021-04-05', '133.00'),
(962, 'e52', '202105', 'Location salle conférence', '2021-05-25', '229.00'),
(963, 'e52', '202105', 'Repas avec praticien', '2021-05-15', '40.00'),
(964, 'e52', '202105', 'Achat de matériel de papèterie', '2021-05-13', '10.00'),
(965, 'e52', '202105', 'Location équipement vidéo/sonore', '2021-05-22', '114.00'),
(966, 'e52', '202106', 'Traiteur, alimentation, boisson', '2021-06-17', '138.00'),
(967, 'e52', '202106', 'Rémunération intervenant/spécialiste', '2021-06-17', '404.00'),
(968, 'e52', '202106', 'Rémunération intervenant/spécialiste', '2021-06-20', '1139.00'),
(969, 'e52', '202106', 'Location véhicule', '2021-06-11', '389.00'),
(970, 'e52', '202107', 'Frais vestimentaire/représentation', '2021-07-21', '63.00'),
(971, 'e52', '202107', 'Repas avec praticien', '2021-07-11', '36.00'),
(972, 'e52', '202107', 'Voyage SNCF', '2021-07-26', '80.00'),
(973, 'e52', '202107', 'Taxi', '2021-07-25', '51.00'),
(974, 'e52', '202108', 'Taxi', '2021-08-08', '20.00'),
(975, 'e52', '202108', 'Voyage SNCF', '2021-08-15', '48.00'),
(976, 'e52', '202109', 'Frais vestimentaire/représentation', '2021-09-13', '121.00'),
(977, 'e52', '202109', 'Location véhicule', '2021-09-03', '244.00'),
(978, 'e52', '202109', 'Voyage SNCF', '2021-09-02', '92.00'),
(979, 'e52', '202109', 'Voyage SNCF', '2021-09-16', '103.00'),
(980, 'e52', '202109', 'Taxi', '2021-09-06', '46.00'),
(981, 'f21', '202009', 'Taxi', '2020-09-05', '68.00'),
(982, 'f21', '202009', 'Location véhicule', '2020-09-02', '221.00'),
(983, 'f21', '202009', 'Traiteur, alimentation, boisson', '2020-09-08', '386.00'),
(984, 'f21', '202010', 'Location salle conférence', '2020-10-24', '523.00'),
(985, 'f21', '202010', 'Location véhicule', '2020-10-13', '356.00'),
(986, 'f21', '202011', 'Voyage SNCF', '2020-11-03', '54.00'),
(987, 'f21', '202011', 'Voyage SNCF', '2020-11-14', '43.00'),
(988, 'f21', '202012', 'Achat de matériel de papèterie', '2020-12-11', '42.00'),
(989, 'f21', '202012', 'Rémunération intervenant/spécialiste', '2020-12-22', '630.00'),
(990, 'f21', '202012', 'Rémunération intervenant/spécialiste', '2020-12-17', '707.00'),
(991, 'f21', '202012', 'Rémunération intervenant/spécialiste', '2020-12-10', '350.00'),
(992, 'f21', '202012', 'Rémunération intervenant/spécialiste', '2020-12-10', '836.00'),
(993, 'f21', '202012', 'Frais vestimentaire/représentation', '2020-12-14', '391.00'),
(994, 'f21', '202101', 'Rémunération intervenant/spécialiste', '2021-01-08', '792.00'),
(995, 'f21', '202101', 'Achat de matériel de papèterie', '2021-01-05', '36.00'),
(996, 'f21', '202101', 'Repas avec praticien', '2021-01-09', '43.00'),
(997, 'f21', '202101', 'Location équipement vidéo/sonore', '2021-01-01', '156.00'),
(998, 'f21', '202102', 'Repas avec praticien', '2021-02-07', '33.00'),
(999, 'f21', '202102', 'Taxi', '2021-02-28', '64.00'),
(1000, 'f21', '202102', 'Achat de matériel de papèterie', '2021-02-25', '46.00'),
(1001, 'f21', '202103', 'Traiteur, alimentation, boisson', '2021-03-09', '277.00'),
(1002, 'f21', '202103', 'Frais vestimentaire/représentation', '2021-03-14', '393.00'),
(1003, 'f21', '202103', 'Taxi', '2021-03-04', '59.00'),
(1004, 'f21', '202103', 'Location salle conférence', '2021-03-10', '517.00'),
(1005, 'f21', '202104', 'Taxi', '2021-04-01', '22.00'),
(1006, 'f21', '202104', 'Repas avec praticien', '2021-04-16', '43.00'),
(1007, 'f21', '202104', 'Location salle conférence', '2021-04-21', '347.00'),
(1008, 'f21', '202106', 'Rémunération intervenant/spécialiste', '2021-06-09', '743.00'),
(1009, 'f21', '202106', 'Traiteur, alimentation, boisson', '2021-06-27', '78.00'),
(1010, 'f21', '202106', 'Location équipement vidéo/sonore', '2021-06-13', '464.00'),
(1011, 'f21', '202106', 'Traiteur, alimentation, boisson', '2021-06-09', '68.00'),
(1012, 'f21', '202107', 'Voyage SNCF', '2021-07-25', '82.00'),
(1013, 'f21', '202107', 'Taxi', '2021-07-25', '33.00'),
(1014, 'f21', '202108', 'Taxi', '2021-08-03', '48.00'),
(1015, 'f21', '202108', 'Rémunération intervenant/spécialiste', '2021-08-05', '763.00'),
(1016, 'f21', '202108', 'Traiteur, alimentation, boisson', '2021-08-07', '408.00'),
(1017, 'f21', '202109', 'Achat de matériel de papèterie', '2021-09-08', '32.00'),
(1018, 'f21', '202109', 'Repas avec praticien', '2021-09-26', '31.00'),
(1019, 'f39', '202009', 'Traiteur, alimentation, boisson', '2020-09-16', '319.00'),
(1020, 'f39', '202009', 'Traiteur, alimentation, boisson', '2020-09-09', '56.00'),
(1021, 'f39', '202010', 'Traiteur, alimentation, boisson', '2020-10-14', '126.00'),
(1022, 'f39', '202010', 'Location véhicule', '2020-10-07', '142.00'),
(1023, 'f39', '202010', 'Frais vestimentaire/représentation', '2020-10-03', '155.00'),
(1024, 'f39', '202010', 'Location salle conférence', '2020-10-19', '364.00'),
(1025, 'f39', '202011', 'Taxi', '2020-11-19', '69.00'),
(1026, 'f39', '202011', 'Location équipement vidéo/sonore', '2020-11-15', '116.00'),
(1027, 'f39', '202011', 'Location équipement vidéo/sonore', '2020-11-01', '448.00'),
(1028, 'f39', '202011', 'Voyage SNCF', '2020-11-08', '107.00'),
(1029, 'f39', '202012', 'Traiteur, alimentation, boisson', '2020-12-06', '327.00'),
(1030, 'f39', '202101', 'Location salle conférence', '2021-01-25', '295.00'),
(1031, 'f39', '202101', 'Taxi', '2021-01-20', '63.00'),
(1032, 'f39', '202101', 'Repas avec praticien', '2021-01-09', '47.00'),
(1033, 'f39', '202102', 'Achat de matériel de papèterie', '2021-02-06', '20.00'),
(1034, 'f39', '202102', 'Frais vestimentaire/représentation', '2021-02-22', '156.00'),
(1035, 'f39', '202103', 'Frais vestimentaire/représentation', '2021-03-04', '97.00'),
(1036, 'f39', '202103', 'Rémunération intervenant/spécialiste', '2021-03-08', '1182.00'),
(1037, 'f39', '202103', 'Frais vestimentaire/représentation', '2021-03-04', '77.00'),
(1038, 'f39', '202103', 'Frais vestimentaire/représentation', '2021-03-06', '39.00'),
(1039, 'f39', '202104', 'Achat de matériel de papèterie', '2021-04-13', '29.00'),
(1040, 'f39', '202104', 'Frais vestimentaire/représentation', '2021-04-03', '318.00'),
(1041, 'f39', '202104', 'Achat de matériel de papèterie', '2021-04-25', '49.00'),
(1042, 'f39', '202104', 'Traiteur, alimentation, boisson', '2021-04-05', '377.00'),
(1043, 'f39', '202104', 'Achat de matériel de papèterie', '2021-04-17', '25.00'),
(1044, 'f39', '202104', 'Location salle conférence', '2021-04-17', '573.00'),
(1045, 'f39', '202105', 'Achat de matériel de papèterie', '2021-05-18', '13.00'),
(1046, 'f39', '202105', 'Taxi', '2021-05-22', '53.00'),
(1047, 'f39', '202106', 'Repas avec praticien', '2021-06-09', '46.00'),
(1048, 'f39', '202106', 'Voyage SNCF', '2021-06-26', '91.00'),
(1049, 'f39', '202106', 'Taxi', '2021-06-12', '53.00'),
(1050, 'f39', '202106', 'Location salle conférence', '2021-06-28', '146.00'),
(1051, 'f39', '202106', 'Rémunération intervenant/spécialiste', '2021-06-12', '299.00'),
(1052, 'f39', '202106', 'Location équipement vidéo/sonore', '2021-06-02', '846.00'),
(1053, 'f39', '202107', 'Repas avec praticien', '2021-07-25', '46.00'),
(1054, 'f39', '202107', 'Location salle conférence', '2021-07-20', '541.00'),
(1055, 'f39', '202107', 'Location salle conférence', '2021-07-21', '319.00'),
(1056, 'f39', '202107', 'Rémunération intervenant/spécialiste', '2021-07-18', '794.00'),
(1057, 'f39', '202107', 'Achat de matériel de papèterie', '2021-07-26', '47.00'),
(1058, 'f39', '202107', 'Repas avec praticien', '2021-07-26', '42.00'),
(1059, 'f39', '202108', 'Traiteur, alimentation, boisson', '2021-08-06', '286.00'),
(1060, 'f39', '202108', 'Location véhicule', '2021-08-01', '326.00'),
(1061, 'f39', '202108', 'Frais vestimentaire/représentation', '2021-08-01', '25.00'),
(1062, 'f39', '202108', 'Frais vestimentaire/représentation', '2021-08-02', '390.00'),
(1063, 'f39', '202108', 'Rémunération intervenant/spécialiste', '2021-08-25', '588.00'),
(1064, 'f39', '202109', 'Achat de matériel de papèterie', '2021-09-14', '17.00'),
(1065, 'f39', '202109', 'Traiteur, alimentation, boisson', '2021-09-23', '271.00'),
(1066, 'f39', '202109', 'Achat de matériel de papèterie', '2021-09-03', '30.00'),
(1067, 'f4', '202009', 'Repas avec praticien', '2020-09-17', '35.00'),
(1068, 'f4', '202010', 'Repas avec praticien', '2020-10-06', '49.00'),
(1069, 'f4', '202010', 'Location salle conférence', '2020-10-11', '291.00'),
(1070, 'f4', '202010', 'Rémunération intervenant/spécialiste', '2020-10-16', '1159.00'),
(1071, 'f4', '202010', 'Achat de matériel de papèterie', '2020-10-14', '46.00'),
(1072, 'f4', '202010', 'Taxi', '2020-10-13', '27.00'),
(1073, 'f4', '202010', 'Achat de matériel de papèterie', '2020-10-04', '26.00'),
(1074, 'f4', '202012', 'Repas avec praticien', '2020-12-18', '40.00'),
(1075, 'f4', '202012', 'Rémunération intervenant/spécialiste', '2020-12-06', '759.00'),
(1076, 'f4', '202012', 'Frais vestimentaire/représentation', '2020-12-16', '239.00'),
(1077, 'f4', '202101', 'Location véhicule', '2021-01-03', '444.00'),
(1078, 'f4', '202101', 'Location équipement vidéo/sonore', '2021-01-08', '813.00'),
(1079, 'f4', '202102', 'Achat de matériel de papèterie', '2021-02-21', '45.00'),
(1080, 'f4', '202102', 'Achat de matériel de papèterie', '2021-02-26', '16.00'),
(1081, 'f4', '202102', 'Location équipement vidéo/sonore', '2021-02-24', '623.00'),
(1082, 'f4', '202102', 'Location équipement vidéo/sonore', '2021-02-12', '725.00'),
(1083, 'f4', '202103', 'Taxi', '2021-03-28', '80.00'),
(1084, 'f4', '202103', 'Achat de matériel de papèterie', '2021-03-17', '47.00'),
(1085, 'f4', '202103', 'Frais vestimentaire/représentation', '2021-03-11', '386.00'),
(1086, 'f4', '202103', 'Voyage SNCF', '2021-03-28', '59.00'),
(1087, 'f4', '202104', 'Frais vestimentaire/représentation', '2021-04-16', '196.00'),
(1088, 'f4', '202105', 'Achat de matériel de papèterie', '2021-05-03', '47.00'),
(1089, 'f4', '202106', 'Traiteur, alimentation, boisson', '2021-06-07', '185.00'),
(1090, 'f4', '202107', 'Location salle conférence', '2021-07-04', '437.00'),
(1091, 'f4', '202107', 'Taxi', '2021-07-03', '77.00'),
(1092, 'f4', '202107', 'Traiteur, alimentation, boisson', '2021-07-13', '233.00'),
(1093, 'f4', '202108', 'Location salle conférence', '2021-08-02', '242.00'),
(1094, 'f4', '202108', 'Frais vestimentaire/représentation', '2021-08-18', '269.00'),
(1095, 'f4', '202108', 'Achat de matériel de papèterie', '2021-08-17', '24.00'),
(1096, 'f4', '202108', 'Repas avec praticien', '2021-08-04', '42.00'),
(1097, 'f4', '202109', 'Achat de matériel de papèterie', '2021-09-06', '48.00'),
(1098, 'f4', '202109', 'Rémunération intervenant/spécialiste', '2021-09-10', '535.00'),
(1099, 'f4', '202109', 'Voyage SNCF', '2021-09-03', '132.00'),
(1100, 'f4', '202109', 'Repas avec praticien', '2021-09-17', '33.00'),
(1101, 'f4', '202109', 'Achat de matériel de papèterie', '2021-09-22', '16.00');

-- --------------------------------------------------------

--
-- Structure de la table `utilisateur`
--

DROP TABLE IF EXISTS `utilisateur`;
CREATE TABLE IF NOT EXISTS `utilisateur` (
  `id` char(4) NOT NULL,
  `nom` char(30) DEFAULT NULL,
  `prenom` char(30) DEFAULT NULL,
  `login` char(20) DEFAULT NULL,
  `mdp` char(255) DEFAULT NULL,
  `adresse` char(30) DEFAULT NULL,
  `cp` char(5) DEFAULT NULL,
  `ville` char(30) DEFAULT NULL,
  `dateembauche` date DEFAULT NULL,
  `statut` char(15) DEFAULT 'Visiteur',
  `email` text,
  `codea2f` char(6) DEFAULT NULL,
  PRIMARY KEY (`id`)
) ENGINE=InnoDB DEFAULT CHARSET=latin1;

--
-- Déchargement des données de la table `utilisateur`
--

INSERT INTO `utilisateur` (`id`, `nom`, `prenom`, `login`, `mdp`, `adresse`, `cp`, `ville`, `dateembauche`, `statut`, `email`, `codea2f`) VALUES
('a131', 'Villechalane', 'Louis', 'lvillachane', '$2y$10$6./6bsY.dcTYy6VSQ6h.xezCjGpdI3dAGyo63LBfS/6Acxy4qqAiK', '8 rue des Charmes', '46000', 'Cahors', '2005-12-21', 'Visiteur', 'lvillachane@swiss-galaxy.com', '7176'),
('a17', 'Andre', 'David', 'dandre', '$2y$10$4c7.PtZe7b1SFHYNhcEBHuT/3X0Zpg7sA/MYi3aWzOYKq01QcYuX2', '1 rue Petit', '46200', 'Lalbenque', '1998-11-23', 'Visiteur', 'dandre@swiss-galaxy.com', NULL),
('a55', 'Bedos', 'Christian', 'cbedos', '$2y$10$FiVXSMiE8SjEP1BGKm2ggeb3Y1P2MQY1CV9VuOeUTIUxcuBBsjFgy', '1 rue Peranud', '46250', 'Montcuq', '1995-01-12', 'Visiteur', 'cbedos@swiss-galaxy.com', NULL),
('a93', 'Tusseau', 'Louis', 'ltusseau', '$2y$10$s1h06enrZPuTp8n2M5wN/.mKYgN8wqGHHFDJHqWq4YxPC6D/6sBVm', '22 rue des Ternes', '46123', 'Gramat', '2000-05-01', 'Visiteur', 'ltusseau@swiss-galaxy.com', NULL),
('b13', 'Bentot', 'Pascal', 'pbentot', '$2y$10$Dklf5lgGvNbyQa8uK8OYv.fQPHn4vouAQKZBzk8N9MldzEaI9Sjjy', '11 allée des Cerises', '46512', 'Bessines', '1992-07-09', 'Visiteur', 'pbentot@swiss-galaxy.com', NULL),
('b16', 'Bioret', 'Luc', 'lbioret', '$2y$10$/IpQltEzwlxkqfhwq7s6veLtVxRzLbPofzJGpHdIoajG/u68HL4Gi', '1 Avenue gambetta', '46000', 'Cahors', '1998-05-11', 'Visiteur', 'lbioret@swiss-galaxy.com', NULL),
('b19', 'Bunisset', 'Francis', 'fbunisset', '$2y$10$wMxE6z/q7i.LDY5839YhQuoInTlnmUh2S0zikB.XQYuNNHPhGa.5u', '10 rue des Perles', '93100', 'Montreuil', '1987-10-21', 'Visiteur', 'fbunisset@swiss-galaxy.com', NULL),
('b25', 'Bunisset', 'Denise', 'dbunisset', '$2y$10$CgF7o3boyzJD5bOoFXQzx.NUlxTtTX1MtvRaURu9CyIBgICgPyer2', '23 rue Manin', '75019', 'paris', '2010-12-05', 'Visiteur', 'dbunisset@swiss-galaxy.com', NULL),
('b28', 'Cacheux', 'Bernard', 'bcacheux', '$2y$10$ZDHaFMEBZVMSathq69PXDeRFQfPl3jcRo69yqa/yyUb20Q0ZntUh6', '114 rue Blanche', '75017', 'Paris', '2009-11-12', 'Visiteur', 'bcacheux@swiss-galaxy.com', NULL),
('b34', 'Cadic', 'Eric', 'ecadic', '$2y$10$8cMedr5Ip4QAiAbDiVbb8OwqiQMz9MMea6.lrThlQjgzeIsccdtqa', '123 avenue de la République', '75011', 'Paris', '2008-09-23', 'Visiteur', 'ecadic@swiss-galaxy.com', NULL),
('b4', 'Charoze', 'Catherine', 'ccharoze', '$2y$10$utHmKCKU6u4gKseSQBWzu.yx6yBCgSs3sZ14LBGPQOTe0eG8FFRBm', '100 rue Petit', '75019', 'Paris', '2005-11-12', 'Visiteur', 'ccharoze@swiss-galaxy.com', NULL),
('b50', 'Clepkens', 'Christophe', 'cclepkens', '$2y$10$fMjTwkOBK339tWLUPgIw4efA.v/9h.P5Y1vx2cde/9GZS39nZAIEC', '12 allée des Anges', '93230', 'Romainville', '2003-08-11', 'Visiteur', 'cclepkens@swiss-galaxy.com', NULL),
('b59', 'Cottin', 'Vincenne', 'vcottin', '$2y$10$OX4FT5qiqdAX7V9vUy83xOPFGXwn39p3.uU3xuYcGQsyOhfqXzn4S', '36 rue Des Roches', '93100', 'Monteuil', '2001-11-18', 'Visiteur', 'vcottin@swiss-galaxy.com', NULL),
('c14', 'Daburon', 'François', 'fdaburon', '$2y$10$3ZwLyAV7Lkt7DQKU3Ei/PuiDUhbWVmvVimTFLfvznwCI/HwOFhU9W', '13 rue de Chanzy', '94000', 'Créteil', '2002-02-11', 'Visiteur', 'fdaburon@swiss-galaxy.com', NULL),
('c3', 'De', 'Philippe', 'pde', '$2y$10$u28xBtDY1U4uhLRRppcdce2vxEwcUnqpm2h2xOflOGTsFkDCl8pvy', '13 rue Barthes', '94000', 'Créteil', '2010-12-14', 'Visiteur', 'pde@swiss-galaxy.com', NULL),
('c54', 'Debelle', 'Michel', 'mdebelle', '$2y$10$8S5w255tng0nrwAt8TlJdOMeyD8ruYGbitMvqpa5ej0o5W2VFJ84u', '181 avenue Barbusse', '93210', 'Rosny', '2006-11-23', 'Visiteur', 'mdebelle@swiss-galaxy.com', NULL),
('co01', 'Giraud', 'Anne', 'ganne', '$2y$10$nXgVhELd8.x7IwSLNiu/iuYhcYrwDFwvX/Xe03SCgH2qeFhj1blQm', 'Avenue Winston Churchill', '83000', 'Toulon', '1987-01-15', 'Comptable', 'ganne@swiss-galaxy.fr', '5617'),
('d13', 'Debelle', 'Jeanne', 'jdebelle', '$2y$10$nvgx3ERb8wMJuqJZUXwpVOEKfd57qog..giay3TwvL6g7F0ONagu6', '134 allée des Joncs', '44000', 'Nantes', '2000-05-11', 'Visiteur', 'jdebelle@swiss-galaxy.com', NULL),
('d51', 'Debroise', 'Michel', 'mdebroise', '$2y$10$Qg7hriFawMhQOteLVJHxruroTw8xulJuBRkUMjFV6qUj3fyrgQxrm', '2 Bld Jourdain', '44000', 'Nantes', '2001-04-17', 'Visiteur', 'mdebroise@swiss-galaxy.com', NULL),
('e22', 'Desmarquest', 'Nathalie', 'ndesmarquest', '$2y$10$Y2BueK73RJQGeV.s4HUC1OY8ZgF4JONpl84g4beXyKgXPFnfyvjM6', '14 Place d Arc', '45000', 'Orléans', '2005-11-12', 'Visiteur', 'ndesmarquest@swiss-galaxy.com', NULL),
('e24', 'Desnost', 'Pierre', 'pdesnost', '$2y$10$EPdFOyJlGYyyogWR9jwUr.f/UfNV2GEYhvZFTv0N07onUPqWvSCyi', '16 avenue des Cèdres', '23200', 'Guéret', '2001-02-05', 'Visiteur', 'pdesnost@swiss-galaxy.com', NULL),
('e39', 'Dudouit', 'Frédéric', 'fdudouit', '$2y$10$cEh.3HexsarQrB0f28KGT.quZRApdYKOr.i.6zIn2d64vBSaof7re', '18 rue de l église', '23120', 'GrandBourg', '2000-08-01', 'Visiteur', 'fdudouit@swiss-galaxy.com', NULL),
('e49', 'Duncombe', 'Claude', 'cduncombe', '$2y$10$aGK6TH2BzpqktdUSmzvbeONRGdDtRGqw/.iK2vtvXpyNosYz1LteC', '19 rue de la tour', '23100', 'La souteraine', '1987-10-10', 'Visiteur', 'cduncombe@swiss-galaxy.com', NULL),
('e5', 'Enault-Pascreau', 'Céline', 'cenault', '$2y$10$jaofs8zMcXIiLOut0YjADOA0QYqDoLUhkZn1bYgVlS0reP8BPoTWC', '25 place de la gare', '23200', 'Gueret', '1995-09-01', 'Visiteur', 'cenault@swiss-galaxy.com', NULL),
('e52', 'Eynde', 'Valérie', 'veynde', '$2y$10$VCeckdMfCzGJAJsCnmIfaule1tLwACA4ZVqWFwrhn2WJGzPM0kOZK', '3 Grand Place', '13015', 'Marseille', '1999-11-01', 'Visiteur', 'veynde@swiss-galaxy.com', NULL),
('f21', 'Finck', 'Jacques', 'jfinck', '$2y$10$VZSuwiEGZdfniwK.R8m3uu0vRGUMH7cPo9lo8HSZRVuArPdCsEioi', '10 avenue du Prado', '13002', 'Marseille', '2001-11-10', 'Visiteur', 'jfinck@swiss-galaxy.com', NULL),
('f39', 'Frémont', 'Fernande', 'ffremont', '$2y$10$hnoLYeOgbPilGXsQsgKP3eKzYnkMISZOtgCI2.G3NtK18k/1PPPpi', '4 route de la mer', '13012', 'Allauh', '1998-10-01', 'Visiteur', 'ffremont@swiss-galaxy.com', NULL),
('f4', 'Gest', 'Alain', 'agest', '$2y$10$p3s11naV26XZri9Gpy5pq.wDyOKZqWWgId.M7C5uVKMWsNbkeLC6i', '30 avenue de la mer', '13025', 'Berre', '1985-11-01', 'Visiteur', 'agest@swiss-galaxy.com', NULL);

--
-- Contraintes pour les tables déchargées
--

--
-- Contraintes pour la table `fichefrais`
--
ALTER TABLE `fichefrais`
  ADD CONSTRAINT `fichefrais_ibfk_1` FOREIGN KEY (`idetat`) REFERENCES `etat` (`id`),
  ADD CONSTRAINT `fichefrais_ibfk_2` FOREIGN KEY (`idvisiteur`) REFERENCES `utilisateur` (`id`);

--
-- Contraintes pour la table `lignefraisforfait`
--
ALTER TABLE `lignefraisforfait`
  ADD CONSTRAINT `lignefraisforfait_ibfk_1` FOREIGN KEY (`idvisiteur`,`mois`) REFERENCES `fichefrais` (`idvisiteur`, `mois`),
  ADD CONSTRAINT `lignefraisforfait_ibfk_2` FOREIGN KEY (`idfraisforfait`) REFERENCES `fraisforfait` (`id`);

--
-- Contraintes pour la table `lignefraishorsforfait`
--
ALTER TABLE `lignefraishorsforfait`
  ADD CONSTRAINT `lignefraishorsforfait_ibfk_1` FOREIGN KEY (`idvisiteur`,`mois`) REFERENCES `fichefrais` (`idvisiteur`, `mois`);
COMMIT;

/*!40101 SET CHARACTER_SET_CLIENT=@OLD_CHARACTER_SET_CLIENT */;
/*!40101 SET CHARACTER_SET_RESULTS=@OLD_CHARACTER_SET_RESULTS */;
/*!40101 SET COLLATION_CONNECTION=@OLD_COLLATION_CONNECTION */;
